/*
Navicat MySQL Data Transfer

Source Server         : 192.168.0.103
Source Server Version : 50540
Source Host           : 192.168.0.103:3306
Source Database       : jeegem

Target Server Type    : MYSQL
Target Server Version : 50540
File Encoding         : 65001

Date: 2018-03-09 11:51:19
*/

SET FOREIGN_KEY_CHECKS=0;

-- ----------------------------
-- Table structure for act_evt_log
-- ----------------------------
DROP TABLE IF EXISTS `act_evt_log`;
CREATE TABLE `act_evt_log` (
  `LOG_NR_` bigint(20) NOT NULL AUTO_INCREMENT,
  `TYPE_` varchar(64) COLLATE utf8_bin DEFAULT NULL,
  `PROC_DEF_ID_` varchar(64) COLLATE utf8_bin DEFAULT NULL,
  `PROC_INST_ID_` varchar(64) COLLATE utf8_bin DEFAULT NULL,
  `EXECUTION_ID_` varchar(64) COLLATE utf8_bin DEFAULT NULL,
  `TASK_ID_` varchar(64) COLLATE utf8_bin DEFAULT NULL,
  `TIME_STAMP_` timestamp NOT NULL DEFAULT CURRENT_TIMESTAMP ON UPDATE CURRENT_TIMESTAMP,
  `USER_ID_` varchar(255) COLLATE utf8_bin DEFAULT NULL,
  `DATA_` longblob,
  `LOCK_OWNER_` varchar(255) COLLATE utf8_bin DEFAULT NULL,
  `LOCK_TIME_` timestamp NULL DEFAULT NULL,
  `IS_PROCESSED_` tinyint(4) DEFAULT '0',
  PRIMARY KEY (`LOG_NR_`)
) ENGINE=InnoDB DEFAULT CHARSET=utf8 COLLATE=utf8_bin;

-- ----------------------------
-- Records of act_evt_log
-- ----------------------------

-- ----------------------------
-- Table structure for act_ge_bytearray
-- ----------------------------
DROP TABLE IF EXISTS `act_ge_bytearray`;
CREATE TABLE `act_ge_bytearray` (
  `ID_` varchar(64) COLLATE utf8_bin NOT NULL DEFAULT '',
  `REV_` int(11) DEFAULT NULL,
  `NAME_` varchar(255) COLLATE utf8_bin DEFAULT NULL,
  `DEPLOYMENT_ID_` varchar(64) COLLATE utf8_bin DEFAULT NULL,
  `BYTES_` longblob,
  `GENERATED_` tinyint(4) DEFAULT NULL,
  PRIMARY KEY (`ID_`),
  KEY `ACT_FK_BYTEARR_DEPL` (`DEPLOYMENT_ID_`) USING BTREE
) ENGINE=InnoDB DEFAULT CHARSET=utf8 COLLATE=utf8_bin;

-- ----------------------------
-- Records of act_ge_bytearray
-- ----------------------------
INSERT INTO `act_ge_bytearray` VALUES ('10', '1', '未定义.png', '8', 0x89504E470D0A1A0A0000000D49484452000001330000008208060000002AB92F3A000003E04944415478DAEDDD4D6B5C551807F02EBAE887702128E8C7C8873064DA199A6112326DCDE4D542A0090D6D16534AE8BA10904AC5858424C46812A2540C352809E98088556B4A9B66C8A61475625EECF59C6237E2C2D03B37017F3FB8CC6E069EC59FE79C7B9E33274E000000000000000000000000000000000000000000000000000000000000000000000000000000000000000000000000000000000000000000000000000000000000000000000000000000000000000000000000000000000000000000000000000000000000000000000000FCEF254972AA56AB956FDDBAF565B55A7DD6D3D3B35F2C16935C2E97140A85E7E7CF9FDFBD74E9D2836BD7AEDD0ECF5B2A061CBB109B9C9CFCE0EAD5ABFB7D7D7DC9CD9B379395959564737333D9D9D949A2F8B9BDBD9DACAEAE2621EC92DEDEDEE7FDFDFD1B5D5D5D9D2A081CB9105AA5B1B1B13F2E5EBCF822A80E0E0E92FF6A7D7D3D191A1A3A2897CBDFB7B6B6BEA99AC051746327676666BE3877EE5C323B3B7BA810FBA7F9F9F9A4542A35746940E64176E7CE9D6F2A954A72FFFEFD240D1B1B1B4908C6466767E7BB2A0C6422766431C8E21E589AE2F785EEECD7D3A74F17541968AAB847169796697564FFD6A19D3D7BF66908B4B7551B68D6F2F2D4952B5776E31E5933CDCDCD35F2F9FCD72A0E34C5D4D4D487F1ADE5DEDE5ED26C172E5CA85B6E024DE9CAE239B278FC220BF7EEDDDBD59D01A98B27FBE3A6FFAB1CC138AC52A954CFE572AFAB3E909A38A23431319164E9C68D1BEB21CCDE537D203571D6328E2865E9EEDDBB1B21CC66551F484D1C1ADFDADACA34CCEAF5FA7608B347AA0FA426DE7EF172683C2BF1F74298EDA83E909A788DCF5188BFABFA406ADADBDB9F67DD99351A8DBACE0C4855A552D9CD7ACFECC993273FD8330352353232F263D66F331716163EF5361348D5F5EBD727B23E6776F9F2E539E7CC80540D0F0FBFD1DDDDFD678613003B67CE9CF9D9040090BA8181819FB29ACD0C4BCCDB21C8BE527520751D1D1DAD838383FB1974674F4357B6E6D60CA069CAE572ADD9F799C5FDB9D895B5B4B49C5471A029E21E56FCF39166DD345BABD566C26F6CB9691668BA42A1900F1DDAEF69FF07C0E3C78F97C3F2F2A1E52590997C3E5F8A7F3E925687163BB218646D6D6D43AA0B642A044F2E7469CFA6A7A77F7B8597024FC7C7C7DF8F4BCBF01455153812710F2D74549F8765677D6D6DAD719873648B8B8B1F8530FC366EF6DB23038E4BA8BD1343AD582C6E57ABD5EF9697971F6E6E6E6EBD1C4E8F43E371D6726969E993D1D1D1CFC232F5410CB1D88D796B091C3B21A45E0B5D565F08A98FC3F34BBCF5225EE3F3F7E7A3386B1947949CEC070000000000000000008043FA0BB7255092207773290000000049454E44AE426082, '1');
INSERT INTO `act_ge_bytearray` VALUES ('10002', '1', 'source', null, 0x7B226964223A2263616E766173222C227265736F757263654964223A2263616E766173222C227374656E63696C736574223A7B226E616D657370616365223A22687474703A2F2F62336D6E2E6F72672F7374656E63696C7365742F62706D6E322E3023227D7D, null);
INSERT INTO `act_ge_bytearray` VALUES ('10004', '1', 'source', null, 0x7B226964223A2263616E766173222C227265736F757263654964223A2263616E766173222C227374656E63696C736574223A7B226E616D657370616365223A22687474703A2F2F62336D6E2E6F72672F7374656E63696C7365742F62706D6E322E3023227D7D, null);
INSERT INTO `act_ge_bytearray` VALUES ('12502', '1', 'source', null, 0x7B226964223A2263616E766173222C227265736F757263654964223A2263616E766173222C227374656E63696C736574223A7B226E616D657370616365223A22687474703A2F2F62336D6E2E6F72672F7374656E63696C7365742F62706D6E322E3023227D7D, null);
INSERT INTO `act_ge_bytearray` VALUES ('13', '1', '132.bpmn20.xml', '12', 0x3C3F786D6C2076657273696F6E3D22312E302220656E636F64696E673D225554462D38223F3E0A3C646566696E6974696F6E7320786D6C6E733D22687474703A2F2F7777772E6F6D672E6F72672F737065632F42504D4E2F32303130303532342F4D4F44454C2220786D6C6E733A7873693D22687474703A2F2F7777772E77332E6F72672F323030312F584D4C536368656D612D696E7374616E63652220786D6C6E733A7873643D22687474703A2F2F7777772E77332E6F72672F323030312F584D4C536368656D612220786D6C6E733A61637469766974693D22687474703A2F2F61637469766974692E6F72672F62706D6E2220786D6C6E733A62706D6E64693D22687474703A2F2F7777772E6F6D672E6F72672F737065632F42504D4E2F32303130303532342F44492220786D6C6E733A6F6D6764633D22687474703A2F2F7777772E6F6D672E6F72672F737065632F44442F32303130303532342F44432220786D6C6E733A6F6D6764693D22687474703A2F2F7777772E6F6D672E6F72672F737065632F44442F32303130303532342F44492220747970654C616E67756167653D22687474703A2F2F7777772E77332E6F72672F323030312F584D4C536368656D61222065787072657373696F6E4C616E67756167653D22687474703A2F2F7777772E77332E6F72672F313939392F585061746822207461726765744E616D6573706163653D22687474703A2F2F7777772E61637469766974692E6F72672F70726F63657373646566223E0A20203C70726F636573732069643D22E69CAAE5AE9AE4B9892220697345786563757461626C653D2274727565223E0A202020203C73746172744576656E742069643D227369642D35314138393141302D464145412D344335372D383633342D363045414535433145413331223E3C2F73746172744576656E743E0A20203C2F70726F636573733E0A20203C62706D6E64693A42504D4E4469616772616D2069643D2242504D4E4469616772616D5FE69CAAE5AE9AE4B989223E0A202020203C62706D6E64693A42504D4E506C616E652062706D6E456C656D656E743D22E69CAAE5AE9AE4B989222069643D2242504D4E506C616E655FE69CAAE5AE9AE4B989223E0A2020202020203C62706D6E64693A42504D4E53686170652062706D6E456C656D656E743D227369642D35314138393141302D464145412D344335372D383633342D363045414535433145413331222069643D2242504D4E53686170655F7369642D35314138393141302D464145412D344335372D383633342D363045414535433145413331223E0A20202020202020203C6F6D6764633A426F756E6473206865696768743D2233302E30222077696474683D2233302E302220783D223236372E302220793D2239302E30223E3C2F6F6D6764633A426F756E64733E0A2020202020203C2F62706D6E64693A42504D4E53686170653E0A202020203C2F62706D6E64693A42504D4E506C616E653E0A20203C2F62706D6E64693A42504D4E4469616772616D3E0A3C2F646566696E6974696F6E733E, '0');
INSERT INTO `act_ge_bytearray` VALUES ('14', '1', '132.未定义.png', '12', 0x89504E470D0A1A0A0000000D49484452000001330000008208060000002AB92F3A000003E04944415478DAEDDD4D6B5C551807F02EBAE887702128E8C7C8873064DA199A6112326DCDE4D542A0090D6D16534AE8BA10904AC5858424C46812A2540C352809E98088556B4A9B66C8A61475625EECF59C6237E2C2D03B37017F3FB8CC6E069EC59FE79C7B9E33274E000000000000000000000000000000000000000000000000000000000000000000000000000000000000000000000000000000000000000000000000000000000000000000000000000000000000000000000000000000000000000000000000000000000000000000000000FCEF254972AA56AB956FDDBAF565B55A7DD6D3D3B35F2C16935C2E97140A85E7E7CF9FDFBD74E9D2836BD7AEDD0ECF5B2A061CBB109B9C9CFCE0EAD5ABFB7D7D7DC9CD9B379395959564737333D9D9D949A2F8B9BDBD9DACAEAE2621EC92DEDEDEE7FDFDFD1B5D5D5D9D2A081CB9105AA5B1B1B13F2E5EBCF822A80E0E0E92FF6A7D7D3D191A1A3A2897CBDFB7B6B6BEA99AC051746327676666BE3877EE5C323B3B7BA810FBA7F9F9F9A4542A35746940E64176E7CE9D6F2A954A72FFFEFD240D1B1B1B4908C6466767E7BB2A0C6422766431C8E21E589AE2F785EEECD7D3A74F17541968AAB847169796697564FFD6A19D3D7BF66908B4B7551B68D6F2F2D4952B5776E31E5933CDCDCD35F2F9FCD72A0E34C5D4D4D487F1ADE5DEDE5ED26C172E5CA85B6E024DE9CAE239B278FC220BF7EEDDDBD59D01A98B27FBE3A6FFAB1CC138AC52A954CFE572AFAB3E909A38A23431319164E9C68D1BEB21CCDE537D203571D6328E2865E9EEDDBB1B21CC66551F484D1C1ADFDADACA34CCEAF5FA7608B347AA0FA426DE7EF172683C2BF1F74298EDA83E909A788DCF5188BFABFA406ADADBDB9F67DD99351A8DBACE0C4855A552D9CD7ACFECC993273FD8330352353232F263D66F331716163EF5361348D5F5EBD727B23E6776F9F2E539E7CC80540D0F0FBFD1DDDDFD678613003B67CE9CF9D9040090BA8181819FB29ACD0C4BCCDB21C8BE527520751D1D1DAD838383FB1974674F4357B6E6D60CA069CAE572ADD9F799C5FDB9D895B5B4B49C5471A029E21E56FCF39166DD345BABD566C26F6CB9691668BA42A1900F1DDAEF69FF07C0E3C78F97C3F2F2A1E52590997C3E5F8A7F3E925687163BB218646D6D6D43AA0B642A044F2E7469CFA6A7A77F7B8597024FC7C7C7DF8F4BCBF01455153812710F2D74549F8765677D6D6DAD719873648B8B8B1F8530FC366EF6DB23038E4BA8BD1343AD582C6E57ABD5EF9697971F6E6E6E6EBD1C4E8F43E371D6726969E993D1D1D1CFC232F5410CB1D88D796B091C3B21A45E0B5D565F08A98FC3F34BBCF5225EE3F3F7E7A3386B1947949CEC070000000000000000008043FA0BB7255092207773290000000049454E44AE426082, '1');
INSERT INTO `act_ge_bytearray` VALUES ('15002', '2', 'source', null, 0x7B227265736F757263654964223A223135303031222C2270726F70657274696573223A7B2270726F636573735F6964223A22E69CAAE5AE9AE4B989222C226E616D65223A22222C22646F63756D656E746174696F6E223A22222C2270726F636573735F617574686F72223A22222C2270726F636573735F76657273696F6E223A22222C2270726F636573735F6E616D657370616365223A22687474703A2F2F7777772E61637469766974692E6F72672F70726F63657373646566222C22657865637574696F6E6C697374656E657273223A22222C226576656E746C697374656E657273223A22222C227369676E616C646566696E6974696F6E73223A22222C226D657373616765646566696E6974696F6E73223A22227D2C227374656E63696C223A7B226964223A2242504D4E4469616772616D227D2C226368696C64536861706573223A5B7B227265736F757263654964223A227369642D36414143414141352D453639412D343038392D383246312D413031443330384146323030222C2270726F70657274696573223A7B226F766572726964656964223A22222C226E616D65223A22222C22646F63756D656E746174696F6E223A22222C22657865637574696F6E6C697374656E657273223A22222C22696E69746961746F72223A22222C22666F726D6B6579646566696E6974696F6E223A22222C22666F726D70726F70657274696573223A22227D2C227374656E63696C223A7B226964223A2253746172744E6F6E654576656E74227D2C226368696C64536861706573223A5B5D2C226F7574676F696E67223A5B5D2C22626F756E6473223A7B226C6F7765725269676874223A7B2278223A3234322C2279223A3131367D2C2275707065724C656674223A7B2278223A3231322C2279223A38367D7D2C22646F636B657273223A5B5D7D2C7B227265736F757263654964223A227369642D39314143414435352D444534302D343046322D413035442D373639364539353944324546222C2270726F70657274696573223A7B226F766572726964656964223A22222C226E616D65223A22222C22646F63756D656E746174696F6E223A22222C22657865637574696F6E6C697374656E657273223A22222C227369676E616C726566223A22227D2C227374656E63696C223A7B226964223A2253746172745369676E616C4576656E74227D2C226368696C64536861706573223A5B5D2C226F7574676F696E67223A5B5D2C22626F756E6473223A7B226C6F7765725269676874223A7B2278223A3532382C2279223A3133357D2C2275707065724C656674223A7B2278223A3439382C2279223A3130357D7D2C22646F636B657273223A5B5D7D5D2C22626F756E6473223A7B226C6F7765725269676874223A7B2278223A313230302C2279223A313035307D2C2275707065724C656674223A7B2278223A302C2279223A307D7D2C227374656E63696C736574223A7B2275726C223A227374656E63696C736574732F62706D6E322E302F62706D6E322E302E6A736F6E222C226E616D657370616365223A22687474703A2F2F62336D6E2E6F72672F7374656E63696C7365742F62706D6E322E3023227D2C227373657874656E73696F6E73223A5B5D7D, null);
INSERT INTO `act_ge_bytearray` VALUES ('15003', '1', 'source-extra', null, 0x89504E470D0A1A0A0000000D4948445200000242000000B90806000000C46D50F3000000206348524D00007A26000080840000FA00000080E8000075300000EA6000003A98000017709CBA513C0000000467414D410000B18E7CFB5193000000017352474200AECE1CE900000006624B474400FF00FF00FFA0BDA793000000097048597300000EC400000EC401952B0E1B00000CC14944415478DAEDDD7B6C56659E07F0F3BE6D69874BCB808C1586A858106A0504A563BCB0ABCCA2E878890E204CB2591CD1DDCD66955198DD881A75E31F18E27AD95989045985BEA5ACA00135A58220545169AD7D6DA6411D1028956BCB450950DE3D8791C4B8302DDA8B743E9FE4E4B4BC3DE7497E7973F89EE73CE7798200000000000000000000000000000000000000000000000000000000000000000000000000000000000000000000000000000000000000000000000000000000000000000000000000000000000000000000000000000000000000000000000000000000000000000000000000000000000000000000000000000000000000000000000000000000000000000000000000000000000000000000000000000000000000000000000000000000000000000000000000000000000000000000000000FEDAC59400DA572A95CAAAAEAEFEFBCACACA49DBB76F1F5E5757D775DFBE7DE9870E1D0AD2D3D3533D7AF438D2AB57AF6DD9D9D9E5E19F3F3663C68C5A55031084E08C0F40AFBCF2CA9C9A9A9A3B76EFDE9D3E64C89060D8B06141FFFEFD8330F804595959411486F6EFDF1F6CD9B225482693414545452A1E8F7F71F0E0C1C7E7CC99F3822A02084270C679EFBDF7A6949595FD57636363E6C489138F07A0B4B4B4161D5B555515241289A6BD7BF76EDCB367CFAF4A4A4A3E555180D691A604D07652A954FA881123CA162F5EFCAF575D7555FA3DF7DC13F4EBD72F88C7E32D3E476E6E6E3066CC98784646C6599F7EFAE95D975D76D9971B366CA8505D0041087ED42168F5EAD5E5CB972FBFE2DE7BEF0D2EBFFCF2D30A40DF959797170C1F3E3C63DDBA75BF0CF70D1515151FA8328020043F4A514F50148266CE9C797C1C506BE8D9B36750585898B16AD5AAAB070D1AB425994C7EACD2008210FCA8446382A2C761514F506B85A013BA75EB160C1D3AB4CB9A356BAEC9CFCF7F350C43BB541CE0FB892B01B4AEE8EDB0D2D2D23FDC70C30DC1C08103DBA48D73CF3D3798306142663C1E9FA7E2008210FC682C5DBA74EEFEFDFBBB8C1D3BB64DDB19376EDC4F727272CEBFE38E3B7EA3EA00821074B8A83728994C8E8F5E91CFC8C868F3F6EEBEFBEE9FC6E3F17F56790041083A5C3463F48E1D3BD2A37982DA433456283333F3FC30789DA7FA00821074A868D98CD3992CB1355C7CF1C5F5E1EE76D5071084A043456B87151414B46B9B8585853DC3DD68D5071084A043450BA8466F74B5A7010306740D77C3551FE0F4A52B01B49E6815F968D2C3F6949393D327DC1D527D80D3A747085A51B47A7CB48A7C7BFAA6BD2CD5071084A043656666A6A230D49EBEFEFAEB2F033D4200821074B4ECECEC230D0D0DEDDA66D85E63B8B3CC068020041DAB67CF9E5F6CDEBCB95DDBACAEAEFE2CDC7DA4FA00A7CF60696845D9D9D9AB93C9645E616161BBB5595E5E9E0A77AB551F389568D6FB68C2D768AEB3F066ED92DADADAEEC78E1D8B85FF7EFCF3783C9EEAD3A7CF8EBE7DFB9685BF3E3663C68C5A4108386D8D8D8D4F8417997F686A6A8AB7D3A48A87366EDC3838DC5B66033869009A356BD61B53A74E1DDDAD5BB7D8902143826BAFBD368816851E306040D48B1DECD9B327D8B973672CDC9F1D5E4F265754544C9A3265CAFEF03A56327FFEFCDF76F61AC57C4DA0754D9B36EDD3C993275F3062C488366FABB4B474C1BC79F3CE4D241257A93CF06D0B172EFCFDCA952BFFE3C89123F128F8DC7CF3CD41972E5D5A74ECABAFBE1A2C59B22475F4E8D143E1764B7171716967AD539AAF0AB4AEFCFCFCEDE15DD5ADE15D573CD4964D353CF4D043D1CAAECF2693C98F551E88A452A9F41E3D7A7CBC7AF5EA3B0A0A0A628F3FFE78B42EE1692DFD3378F0E0E0965B6E896DDDBA3563DBB66DBF19397264FFAAAAAAD70421A05995959535E145E7D761083A7BD0A0416DD6CE934F3EB9A0AEAE2EBBBEBEFE814D9B361D5379200A4161002A5FB162C5F02953A60493264DFA416B1F46E31D2FB8E082587979F9B051A346EDABA8A8784F10029A3570E0C0373EFBECB3BBF3F3F3337AF7EEDDEAE7AFAEAE7E6DD1A2457F1B8BC56E5BB66CD90E15072223468C285BBE7CF9158F3DF65870D14517B5CA39737373832BAFBC32BE6AD5AA2BC39BBB2D9DAD075A108236105E281AC28BD0A60F3FFCF0BAF08E2AA35BB76EAD76EE6DDBB6AD7BF8E1872F0C7FFC7D5151D14AD50622C5C5C5D3DF7CF3CDBBEEBBEFBEA07FFFFE2D3A26BC918A7A7C82E61EE347D7B0A143877659B366CDB5E1B5EDE3F0666C6367A99B7984A08DBCFCF2CB0B0E1C38F02F0F3EF8E0818D1B5BE79A11F5044D9F3EBD7F5353D31FC210F4B22A0391E8EDB0152B563C71E18517463DD22D3A66FDFAF5C182050B8277DF7DB7457F1F2D283D72E4C89F846D253A53EDF408411B0A834B655E5EDE9FD6AE5DFB7769696947C30B5497EF3980BA61F6ECD989F08E6F7478117A30DC3FABBAC0093D7AF4786BFBF6EDE73DFAE8A3417A7AF333E3444B01CD9A352B5AA227D8B469533066CC98168D252A2C2C4C5BBA7469BCA0A0A06F787D5B2E0801CDFAE4934F92F9F9F9899A9A9A916565655DFBF5EB9776CE39E764B4F0F043E15DDEE2471E7924D8BA756B76342628914894A92A7042D41B3477EEDC39E3C68D8B0D1B36AC45C7843753D123FC201A501DF50875EFDEBDC53D4961604A8521283F3CFE094108689168CC5078E1F89FF042B329BCE8E42E5BB6AC7B6D6DEDE630D87C1DDEBD7D9D9191D13DBA8B8B1650DDB56B57DDFBEFBFFFDE4B2FBDF4F90B2FBC90595151113B76ECD8F3F5F5F5BF33301AF8AE214386CC0C6FB4FE66C68C192DEAD58996017AFEF9E783EBAFBF3E7A453EF8E28B2F8277DE79E7F8448BE1B5A8D9E3070F1E1C5FB264495A7883F75978A3577DA6D7CFCCD2D08E1289C4E270B778F2E4C93FAFAAAABAFDA38F3EBA22FCFDD2E0CFABC767855B4EB81D896EF2C2EDAD70FBC7F0984D2A079C4A5D5DDD4D7979792D9E2C71DEBC79414E4E4E70DB6DB71DFF7DFCF8F1C1F4E9D383D75F7F3DB8FDF6DB5B748EDCDCDC1D61BBBF0C7F5C200801A76DC182055BC3DD53DF6C00DFDBE1C3870744BD3B2D51565616D4D6D6060F3CF04090959575FCDFFAF6ED1B5C7DF5D5C1F2E5CB836BAEB926E8D5AB57B3E70903D3E1A79F7EBA7767A89FB7C600E00C565757D7357AA3AB39FBF7EF0F162D5A14CD35147C7709A0133D41AFBDD6B2C9A3070C18D035DC0D178400800EB577EFDEF468F1D4E644AFCA1F397224B8F3CE3BFFDF67512FD0D8B1638FF718D5D7D7377BAE9C9C9C3EE1EE67821000D0A1A27073E231D7A9D4D4D4046BD7AE3D3E38FA548FBE6EBAE9A62033333328292969B6CD6FDAEBD219EA270801C019AEA1A1E1949F353535052FBEF86270F6D9670737DE78E329FFAE6BD7AEC1ADB7DE1A949797079F7FFEF95F6C6FCF9E3D9DE60D56410800CE60E9E9E9A92D5BB69CF2F368198DE8F3A953A736FB7A7DF4782CEA314A24FEF2E4D15BB76E3D18FCF90D57410800E83859595907ABAB4F3E9DCFCE9D3B83A54B9706A3478F0EA2E5379A13CD2314BD4E1F9DEF54E78CAC5BB76E572C16DBD52982A4AF10009CD141E88FC964F2D2937D162DA3112DA771C925971C1F27D41227C6103DF5D453C19C39734EDA8B545555D52B954A25052100A063FF234F4FBF6BDFBE7D1B9A9A9AE2DF0E2D518FCE89476651A8395D5F7DF5D5F165384EB26CC7A1B0BDBE6110FA27410800E85061C8F968DAB4697FAAAAAABAE0DBF303F5EEDD3B983973E60F3AF7C9DE302B2D2DFDDF30049D5B5C5C5C2A0801001DAEB1B1F1DFE6CF9F5F545050907662A98D68C6E8686B650D613BF9B1586C7667A99DC1D20070869B3B776EC9EEDDBB0F3DF3CC336DDACEFDF7DF5F193D82DBBE7D7B421002007E340E1F3E7CC3860D1B52D1C4896DA1B4B474655D5DDDE8B4B4B47F7FFBEDB78F7696BAA5F9EA00C099AFA6A666F3D0A1437B7DF0C107A30A0A0A62679D7556AB9DBBB2B2F2C3E79E7BAE30FCF1BF8B8A8AFEB333D54D1002804EA2BABAFACD30040D5AB366CD45797979B1DCDCDC1F7CCEB2B2B2B79E7DF6D95FA452A9B78A8B8B2775B69A094200D0892493C957F2F3F30FAC5FBFFEF2B4B4B4A303070EEC128F7FAF91300DB367CF4E2C5BB66C6C2C162B4A2412BFEE8CF58AF9CA0040E73371E2C4F3C20034373333F3D2EBAEBB2E6BFCF8F12D5D24F5D0C2850B57BEF1C61B3F3B7AF4E8A13004DD555454F4C7CE5A274108003AB10913263C198699DF865B8F9E3D7B368E1A35EA6861616170FEF9E7F78956913F70E0C0979B376F3EB876EDDA5D9595957DF6EDDBF7F363C78E4501E877F5F5F5F33AD3C068410800FE4A4D9E3CF91761C099914AA54646A128DC6785FF1C6DD1E2A9D1B3B368EDB00F9A9A9A9E2C292959AD6200000000000000000000000000000000000000000000000000000000000000000000000000000000000000000000000000000000000000000000000000000000000000000000000000000000000000000000000000000000000000000000000000000000000000000000000000C069FB3FA318208424FBD4870000000049454E44AE426082, null);
INSERT INTO `act_ge_bytearray` VALUES ('15005', '1', 'source', null, 0x7B226964223A2263616E766173222C227265736F757263654964223A2263616E766173222C227374656E63696C736574223A7B226E616D657370616365223A22687474703A2F2F62336D6E2E6F72672F7374656E63696C7365742F62706D6E322E3023227D7D, null);
INSERT INTO `act_ge_bytearray` VALUES ('15007', '1', 'source', null, 0x7B226964223A2263616E766173222C227265736F757263654964223A2263616E766173222C227374656E63696C736574223A7B226E616D657370616365223A22687474703A2F2F62336D6E2E6F72672F7374656E63696C7365742F62706D6E322E3023227D7D, null);
INSERT INTO `act_ge_bytearray` VALUES ('15009', '2', 'source', null, 0x7B227265736F757263654964223A223135303038222C2270726F70657274696573223A7B2270726F636573735F6964223A22E69CAAE5AE9AE4B989222C226E616D65223A22222C22646F63756D656E746174696F6E223A22222C2270726F636573735F617574686F72223A22222C2270726F636573735F76657273696F6E223A22222C2270726F636573735F6E616D657370616365223A22687474703A2F2F7777772E61637469766974692E6F72672F70726F63657373646566222C22657865637574696F6E6C697374656E657273223A22222C226576656E746C697374656E657273223A22222C227369676E616C646566696E6974696F6E73223A22222C226D657373616765646566696E6974696F6E73223A22227D2C227374656E63696C223A7B226964223A2242504D4E4469616772616D227D2C226368696C64536861706573223A5B7B227265736F757263654964223A227369642D39323236344246342D383437312D343534352D423831412D433343454544393843453634222C2270726F70657274696573223A7B226F766572726964656964223A22222C226E616D65223A22222C22646F63756D656E746174696F6E223A22222C226173796E6368726F6E6F7573646566696E6974696F6E223A2266616C7365222C226578636C7573697665646566696E6974696F6E223A2266616C7365222C22657865637574696F6E6C697374656E657273223A22222C226D756C7469696E7374616E63655F74797065223A224E6F6E65222C226D756C7469696E7374616E63655F63617264696E616C697479223A22222C226D756C7469696E7374616E63655F636F6C6C656374696F6E223A22222C226D756C7469696E7374616E63655F7661726961626C65223A22222C226D756C7469696E7374616E63655F636F6E646974696F6E223A22222C226973666F72636F6D70656E736174696F6E223A2266616C7365222C22757365727461736B61737369676E6D656E74223A22222C22666F726D6B6579646566696E6974696F6E223A22222C2264756564617465646566696E6974696F6E223A22222C227072696F72697479646566696E6974696F6E223A22222C22666F726D70726F70657274696573223A22222C227461736B6C697374656E657273223A22227D2C227374656E63696C223A7B226964223A22557365725461736B227D2C226368696C64536861706573223A5B5D2C226F7574676F696E67223A5B7B227265736F757263654964223A227369642D46433033414541452D384346352D343341362D394536412D443341333037394141464336227D5D2C22626F756E6473223A7B226C6F7765725269676874223A7B2278223A3434382E352C2279223A3232397D2C2275707065724C656674223A7B2278223A3334382E352C2279223A3134397D7D2C22646F636B657273223A5B5D7D2C7B227265736F757263654964223A227369642D46433033414541452D384346352D343341362D394536412D443341333037394141464336222C2270726F70657274696573223A7B226F766572726964656964223A22222C226E616D65223A22222C22646F63756D656E746174696F6E223A22222C22636F6E646974696F6E73657175656E6365666C6F77223A22222C22657865637574696F6E6C697374656E657273223A22222C2264656661756C74666C6F77223A2266616C7365227D2C227374656E63696C223A7B226964223A2253657175656E6365466C6F77227D2C226368696C64536861706573223A5B5D2C226F7574676F696E67223A5B7B227265736F757263654964223A227369642D38303937344633442D433544322D344243462D413434392D444632353541423046453735227D5D2C22626F756E6473223A7B226C6F7765725269676874223A7B2278223A3438342E33363138313434313839363230372C2279223A3137332E31303035343233383632323336327D2C2275707065724C656674223A7B2278223A3434382E39383636363537353839343135372C2279223A3136312E393630303632363532363932387D7D2C22646F636B657273223A5B7B2278223A35302C2279223A34307D2C7B2278223A35302E3030303030303030303030303033362C2279223A34302E30303030303030303030303030317D5D2C22746172676574223A7B227265736F757263654964223A227369642D38303937344633442D433544322D344243462D413434392D444632353541423046453735227D7D2C7B227265736F757263654964223A227369642D43353544343238442D353136312D344630412D414143432D343942343131364344423545222C2270726F70657274696573223A7B226F766572726964656964223A22222C226E616D65223A22222C22646F63756D656E746174696F6E223A22222C226173796E6368726F6E6F7573646566696E6974696F6E223A2266616C7365222C226578636C7573697665646566696E6974696F6E223A2266616C7365222C22657865637574696F6E6C697374656E657273223A22222C226D756C7469696E7374616E63655F74797065223A224E6F6E65222C226D756C7469696E7374616E63655F63617264696E616C697479223A22222C226D756C7469696E7374616E63655F636F6C6C656374696F6E223A22222C226D756C7469696E7374616E63655F7661726961626C65223A22222C226D756C7469696E7374616E63655F636F6E646974696F6E223A22222C226973666F72636F6D70656E736174696F6E223A2266616C7365222C22757365727461736B61737369676E6D656E74223A22222C22666F726D6B6579646566696E6974696F6E223A22222C2264756564617465646566696E6974696F6E223A22222C227072696F72697479646566696E6974696F6E223A22222C22666F726D70726F70657274696573223A22222C227461736B6C697374656E657273223A22227D2C227374656E63696C223A7B226964223A22557365725461736B227D2C226368696C64536861706573223A5B5D2C226F7574676F696E67223A5B7B227265736F757263654964223A227369642D37384333443730392D313631422D344445322D424346392D424331433038393531433736227D5D2C22626F756E6473223A7B226C6F7765725269676874223A7B2278223A3239362E39363936393530373232373333342C2279223A3230312E323132313230303434343735397D2C2275707065724C656674223A7B2278223A3139362E39363936393530373232373333342C2279223A3132312E323132313230303434343735397D7D2C22646F636B657273223A5B5D7D2C7B227265736F757263654964223A227369642D41433343313646332D323844422D343542412D393042462D434531353034344241454135222C2270726F70657274696573223A7B226F766572726964656964223A22222C226E616D65223A22222C22646F63756D656E746174696F6E223A22222C22636F6E646974696F6E73657175656E6365666C6F77223A22222C22657865637574696F6E6C697374656E657273223A22222C2264656661756C74666C6F77223A2266616C7365227D2C227374656E63696C223A7B226964223A2253657175656E6365466C6F77227D2C226368696C64536861706573223A5B5D2C226F7574676F696E67223A5B5D2C22626F756E6473223A7B226C6F7765725269676874223A7B2278223A3438342E3034323231353531383438342C2279223A3237302E38313831383130333030323132367D2C2275707065724C656674223A7B2278223A3235312E30323532353339343538383736342C2279223A3136382E33393330343934353538383638387D7D2C22646F636B657273223A5B7B2278223A35302E3030303030303030303030303033362C2279223A34302E30303030303030303030303030317D2C7B2278223A3235312E30323532353339343538383736342C2279223A3237302E38313831383130333030323132367D5D7D2C7B227265736F757263654964223A227369642D37384333443730392D313631422D344445322D424346392D424331433038393531433736222C2270726F70657274696573223A7B226F766572726964656964223A22222C226E616D65223A22222C22646F63756D656E746174696F6E223A22222C22636F6E646974696F6E73657175656E6365666C6F77223A22222C22657865637574696F6E6C697374656E657273223A22222C2264656661756C74666C6F77223A2266616C7365227D2C227374656E63696C223A7B226964223A2253657175656E6365466C6F77227D2C226368696C64536861706573223A5B5D2C226F7574676F696E67223A5B5D2C22626F756E6473223A7B226C6F7765725269676874223A7B2278223A3633302E373038333333333333333333342C2279223A3238312E363636363636363636363636377D2C2275707065724C656674223A7B2278223A3239372E333930313033353530343138362C2279223A3137372E30333839353333303539343430367D7D2C22646F636B657273223A5B7B2278223A35302C2279223A34302E30303030303030303030303030317D2C7B2278223A3633302E373038333333333333333333342C2279223A3238312E363636363636363636363636377D5D7D2C7B227265736F757263654964223A227369642D38303937344633442D433544322D344243462D413434392D444632353541423046453735222C2270726F70657274696573223A7B226F766572726964656964223A22222C226E616D65223A22222C22646F63756D656E746174696F6E223A22222C226173796E6368726F6E6F7573646566696E6974696F6E223A2266616C7365222C226578636C7573697665646566696E6974696F6E223A2266616C7365222C22657865637574696F6E6C697374656E657273223A22222C226D756C7469696E7374616E63655F74797065223A224E6F6E65222C226D756C7469696E7374616E63655F63617264696E616C697479223A22222C226D756C7469696E7374616E63655F636F6C6C656374696F6E223A22222C226D756C7469696E7374616E63655F7661726961626C65223A22222C226D756C7469696E7374616E63655F636F6E646974696F6E223A22222C226973666F72636F6D70656E736174696F6E223A2266616C7365222C22757365727461736B61737369676E6D656E74223A22222C22666F726D6B6579646566696E6974696F6E223A22222C2264756564617465646566696E6974696F6E223A22222C227072696F72697479646566696E6974696F6E223A22222C22666F726D70726F70657274696573223A22222C227461736B6C697374656E657273223A22227D2C227374656E63696C223A7B226964223A22557365725461736B227D2C226368696C64536861706573223A5B5D2C226F7574676F696E67223A5B7B227265736F757263654964223A227369642D41433343313646332D323844422D343542412D393042462D434531353034344241454135227D5D2C22626F756E6473223A7B226C6F7765725269676874223A7B2278223A3538342E383438343830313737393033362C2279223A3138362E30363036303530333839313634347D2C2275707065724C656674223A7B2278223A3438342E383438343830313737393033362C2279223A3130362E30363036303530333839313634327D7D2C22646F636B657273223A5B5D7D2C7B227265736F757263654964223A227369642D30353242304642332D413532382D344243312D383834362D414246343339363144343538222C2270726F70657274696573223A7B226F766572726964656964223A22222C226E616D65223A22222C22646F63756D656E746174696F6E223A22222C22657865637574696F6E6C697374656E657273223A22227D2C227374656E63696C223A7B226964223A22456E644E6F6E654576656E74227D2C226368696C64536861706573223A5B5D2C226F7574676F696E67223A5B5D2C22626F756E6473223A7B226C6F7765725269676874223A7B2278223A3431322E352C2279223A3230337D2C2275707065724C656674223A7B2278223A3338342E352C2279223A3137357D7D2C22646F636B657273223A5B5D7D5D2C22626F756E6473223A7B226C6F7765725269676874223A7B2278223A313230302C2279223A313035307D2C2275707065724C656674223A7B2278223A302C2279223A307D7D2C227374656E63696C736574223A7B2275726C223A227374656E63696C736574732F62706D6E322E302F62706D6E322E302E6A736F6E222C226E616D657370616365223A22687474703A2F2F62336D6E2E6F72672F7374656E63696C7365742F62706D6E322E3023227D2C227373657874656E73696F6E73223A5B5D7D, null);
INSERT INTO `act_ge_bytearray` VALUES ('15010', '1', 'source-extra', null, 0x89504E470D0A1A0A0000000D49484452000002A90000014C0806000000E847256B000000206348524D00007A26000080840000FA00000080E8000075300000EA6000003A98000017709CBA513C0000000467414D410000B18E7CFB5193000000017352474200AECE1CE900000006624B474400FF00FF00FFA0BDA793000000097048597300000EC400000EC401952B0E1B000020004944415478DAEDDD0B74D4E5B9EFF1776672999060B8850C97D258B989801151B055492C18A8B4C5239104B572C4BD6C7BECA9D5DDD5E3B6AB7AD6DA3DEAEE72D5AEDA53E92E1E28609215694143132E9A14A9A2523658AE021A91980408262130936466729EE7CF4C18431212324926C9F7B3D6BBFE73C9E4F26692F9CDFB7FDEF7350600000000000000000000000000000000000000000000000000000000000000000000000000000000000000000000000000000000000000000000000000000000000000000000000000000000000000000000000000000000000000000000000000000000000000000000000000000000000000000000000000000000000000000000000000000000000000000000000000000000000000000000000000000000000000000000000000000000000000000000000000000000000000000000000000000000000000000000000000000000000000000000000000000000000000000000000000000000000000000000000000000000000000000000000000000000000000000000000000000000000000000000000000000000000000000000000000000000000000000000000000000000000000000000000000000000000000000000000000000000000000000000000000000000000000000000000000000000000000000000000000000000000000000000000000000000000000000000000000000000000000000000000000000000000000000000000000000000000000606C7401000091E1EDB7DFBE3B2A2AEAF1C6C6C654AFD71BEFF3F9789DEE6AD0B1D94C4C4C8CDBE1701C6C686878456E5A999E9EEEA16708A90000E032B66CD9922A41EA8DE8E8E85123478E740C1D3AD40C1A34C848B0A273BAC8EFF71BB7DB6D6A6B6B4D555595B7A6A6C62DE1FFDFE6CD9BF712BD43480500006D282E2E5E22875593264D720E1B36CC1AF943F7F1783CE6C0810395E7CE9DFB50DE04DC9B9E9E5E4DAF4426DEA20100D04B7404558252416A6AAA3331319180DA03A2A2A2CCA851A312DC6E77E3D9B367173FF4D043EB56AF5EEDA56722F07745170000D03BF414FFC489139D7A6ABF3575A70F9B33A5DBCDF9EA4F25C0DA4DFCF0092669FC9D26362199CEEBA2C9C2E3F1BC575B5BFB6BB9FA037A24F2D8E90200007A9E4E92D21A543DC5DF6A403D75D094ED5D670554D5D4E4B742EBF17FFCD1347A38431D0ED3A74F9F2A87BB0B0B0B53E80D422A000030D669E7C77592545BA7F8AB4AB75BC1B4255FA3DB9C39FE0E1D188E1064B7C7CB9B84DDF2BB58466F1052010080D065A674167F5B3C67CBDBBCAFBEAE920E0C933163C68C9043063D11816FE4E80200007A25A4C6B7558BAA9AFCEDCCE56965841557263131719C1C86D3138454000060ACF53B6DAC83DAFBEC763BB3D022F57743170000107974363F404805000011257A50DB67A0A3E386D24120A40200809E3772FC9D262A26FE92DB63E293CCB071DFA08340480500003D2F21E95A09A4232FB9FDAAE4692CE60F422A0000E81D7E5F83F136D45D727BC3F9D3740E060466F703EDD01D6174C16D5DCFD0EBF5C6FB7C3E36D6EE225DB83C2626C6ED70380E363434BC2237AD4C4F4FF7D033C045E7AA8E988A831B5BDD59AAB6E243D370EE941975DD624654414805069A2D5BB6A4EA9EDA76BB7DD48811231CBAE0B6AE67C872315DE7F7FB8DDBED8EABADAD9D51555535BDA6A6E6D9AD5BB7FEDBBC79F35EA27730E0FF3E7C0DA6F27081A92DDFD3EA6E5341BAD07FE97BBF3349E3EF3443C77D9D95004048050682E2E2E22572583571E244A7EEA9DDD69685B83212FC4D7C7CBCD5468D1A15E5F178061F3870E0E7DBB66DFB8EBC09B8373D3D9D4DC93120D59D3E6C8D9E7AEB6B3BF4F11A624F1E293235E5FF658DAA3A078FA213D1BF5E2FE802E0221D41D5809A9A9AEA1C3E7C3801B507389D4E3363C68CE4A4A4A4AF78BDDE427993E0A45730109DD8B3A6C30135946E917AF2A3BFD281E87718490542E8297E1D416D6BAB421DE93853BADD9CAFFED43ABD163F7C8275BA8DBAB0AE9B2C3C1ECF7BB5B5B5BF96AB3FA04730D00C1A7AF5153F36965154105281FE4B2749690DAA9EE26F35A09E3A68CA3ECC69AE13D3A3865677CD719332EB7F9868E7103AB18BA64F9F3E75C78E1D29858585CF2F58B0A0941EC14032EEC6E574021082D3FD40F01D5B54D4E323478E74B4758ABFAA747BAB13197C8D6E73E6F83B746038FE21D9EDF1F22661B7FC2E96D11B00404805207499299DC5DF169D4DDB16AD0943788C193366841C32E8090018D838DD0F5C0CA9F16DD5A2AA26BFD7B473271D1826898989E3E4309C9E0000422A0063ADDF69631DD4DE67B7DB99850600E0743FD0512C960D000021158838D183DA3E031D1D37940E020080900AF4BC91E3EF345131F197DC1E139F64868DFB061D0400002115E8790949D74A201D79C9ED57254F63317F000008A940EFF0FB1A8CB7A1EE92DB1BCE9FA6730000083366F7031D70AEEA88A938B8D1347AAA2FB9AFB6E243D370EE941975DD6246540100081346528176E8E869F9813F9B137BD6B41A508374A1FFD2F77E67CE7CBAA3D55DA9000040E730920AB4A1EEF4616BF4D45B5FDBA18FD7707AF24891A929FF2F6B54D53978149D0800C01562241568838E9E7634A086D22D524F7EF4573A1000802E60241568C3A0A1575FF163631945050080900A748771372EA7130000E8259CEE07000000211500000020A402000080900A0000001052010000404805000000BA1B4B5001400F2B2C2C4C898A8A5AE67038E6FBFDFED4A6A6A6587AA5CBFCD29F07A53F374B7FE6CF9B376F275D02105201001D505C5CECF4F97C2FD86CB6EFB95CAE86A4A4A461F1F1F146022B9DD3D584EAF7DBEBEAEAAEABAEAE1E5B5656B674EBD6ADFBE5B6C7323232F6D13B40DFC4E97E00E899809AD0D4D4F4F7E1C38767CF9A352B61FCF8F1C312131309A8E17A31B3DBCD55575D65C68D1B9778CB2DB7B852525226391C8EE26DDBB62DA47700422A00A0ED10B5293939F9DA2953A60C8D8E8EA643BA9984D5B137DC70C320E9F795045580900A0068C5F6EDDB1F8B8B8B9B7DCD35D7C4B5F531E7CF1C33A73F7ECB547D52623CB565745A182424240CBAFEFAEBA39B9A9A5ED9BC79F3547A04E85B38CF0400DD285087FA7F264C981063B3D92EB9DFD7E83627F6FCC9B86B3E6BBEEDD4B16D66C898992679F2778CCDC658421783EAD094949423A5A5A5BF96ABF3E811A0EFE0BF1F007423A7D3F9840425E7A041835ABDFFF4B1AD5F0AA841D565BB4C6DF91E3A300CC68D1B37C1E170A46CDDBA7536BD0110520100C6AA45BD77F8F0E1B6B6EE3F7BEA509B8FAD3B7D980E0C93A4A424ADA1B8879E0008A90000D1D0D0304167F1B7C55B5FDBE67DBEC6F37460988C1C3972B41CD2E809A0EFA0261500BA37A4C6B575AA1F3DE7AAABAEBA9A5E0008A9008000BFDF6FADE189DE25BF035EEF80BEF6774B170040EF7144C7B5FD0FDA1143070118B078670900BD286E488AA93B75B08DFBBE4A0745A8ACACAC9F77E13574A6B4A16565AC870B10520120428D999E6D3EFD60C5250BF80F1D7BB319F6D55BE9A008959B9BFBEF12549BBAF239FEF18F7F98ECEC6C3A136803A7FB01A017E962FDAD9DD677C424B0907F3F77E38D37D209002115002253F589F75A5DCCFF8B13EF9BB327F7D341FDF28D89ED459FCF3778CC9831740640480580C8D270EE9439BEEB3F4DC5A1374C93DF7BC9FDBE863A53F6618ED51A3DD5745804CACDCDD54D1AFC9D7848A904D4053939393FC9CFCFAFA30781F651930A003DEC8BE3EF9853C7B619BFAFE1B21FABA3A9E7BFF8D88C9CB0C0248E9E41E7F5B2B4B4B42897CBA5C5C269D21E341D1FEC59EBF3F97E2AE1B4825E0408A90010717492546BA7F7DBE36B749BF2037F36674F1D3463AFBF8F4EEC85609A9C9C3CD366B369E7CF9736BE130FAF92F6AFB9B9B9AB8237646666BA1C0EC7C3E7CE9DA37301422A004486CE06D450F567CBE9C01EB26CD9B2216EB75B474CBF2B6DB104D421C1FB9A9A9AAAED767B91DFEF5F27B7BFA1EF23A4395AF934451246FF65DDBA7527F4CAD2A54B53E5B13F93B650AE261C3E7CD82C58B080CE0608A900D0FBC6DDB8FC8A1F6B63D3A46EA5239C5151510B2544CEF1783C1A4C9D21771F95DB4BE4B8B2B2B27257494949B090D8969595D5B2A8F89C7CECFFCACBCB7B49C2AE333B3BFB7EB9FE8884DAD981D75DAD477D69D2A4498FD2EB0021150022C2A0A16C211F492460A64880CC92409A215767CBE5D060BA4FDA7A6905B9B9B9BBDAF934CDA3A8F2F83DF2B9EE96B0EB95CFFD8CDBEDFE71C8286CA9DCBFC26EB7FF312727E7F4F2E5CB09A90021150080E6603A53C2E2DC408DE9543986DEBD43AEAFF7FBFDDB2A2B2B0F858C985E967CCE27A5BD2D8F7FDAE7F3DDAFAFB1FAB903C1F5371515156B3BF3F900422A0000FDDCE9D3A7CDAE5DBB34A01E91ABE34382A9472EEF9020B9CEE1706C0BD68F768684CF6897CBF5847C9EF9D29E0DB9AB28104EB7114E01422A000097282E2E367BF7EED58B3A335F9781D260BA3E2E2E6EC3AA55AB3C57F2390393ABBE2F4174B9B938E35F3F57AEDCF67C4E4ECE217A1E20A40200C2E08B2FBEB0F6943F74E890397EFCB8A9A9A9311E8FC74447479BC4C444336EDC383371E244337BF66C3374E8D03EF373A5A7A79B4F3FFDD4ECDBB7EFEEF2F2F282AE8C6C6666668E77381C4F4840CD0AA937D511D8954EA7F34509BDECBE0010520100E1B07BF76EB36DDB36F3D1471F99C6C6C64BEED7DBF494B936FDD8DCDC5C3379F2643367CE1CF3F5AF7F3DE27FBE112346989B6FBED93CF5D4531BAEF473646565A549287DA4A9A969B109D49B8A9DD256506F0A105201F4731A82DE7FFF7D939D9DBD28272767033DD2FDFDBD6AD52AF3CF7FFEB3D38FD5D1566D7A2AFDE1871F36C9C9C9FDAE7F023B4CE924A847CC85D9FF7AB357026AAECED497B05EC2B30820A402180034F00402D35FB2B2B2ACDA4109042B6363634BAEB47610ADDBB973A759BB76AD397BF66CF36D0E87C34C9D3AD5CC9A35CB8C1F3FDE0C1932C40C1E3CD89C3F7FDE5457579BD2D252EB4D848EA606475C75F4F517BFF88579F0C107FBC4A86A4768BDA9C7E3794C2E6ABDE958BD4D17F1D770EAF3F95EC8CFCF3FDAD5AF61B7DB9BFC7EBF4D8E3C197B91FC5E6BE4104F4F105201A05DC1DA4109AA1A027432CA623DBD2A81C1939D9DDDA559D8B868CF9E3DE60F7FF88391C0D51C4E75F7A33BEFBCD32425255DF2F183060DB2DAE8D1A3AD20AA8175D3A64DA6B0B0D0FA1C5AB7BA62C50A2BB86A09405FD546BDA92EE4BF322E2EEEE570D69B4647474BF63F1F9F9090C013B217D5D4D41C93839F9E20A40240BB426A07272C59B24477E8490BAE67A96B5BCA71AE86A2ACAC2C6B3D4BB95EC42CEACED111D4D080AAC1F3B1C71E335FF9CA573AFC397484F5BEFBEE33B7DF7EBBF9ED6F7F6B3EFBECC276AFAFBCF28A35C9AAAF8DA86ABDA91C7EA6CF2F73B1DEB4444FE9575656BED61DF5A6D24FFB2520DD4C48ED5D9F7FFEB9BEE1FD889E20A4024087E5E5E5E9A4146DCFE9CE40729C2F6D89340DAFB74A80D0BDD57F2DF7E96E409BCCE577061AF0B406554FF10703EAA44993CC134F3C619DD2BF121A6C9F79E619F3E28B2F36D7B5AE5EBDDA5C7DF5D566D4A85111DD17BA65A9C7E3C90A84D3C9819B7BACDEB4A1A1E1D5AAAAAA9963C68CE17C7FEFF19E397366921C9FA52B08A9007045243094CAE1656D999999090E874367587F53C2C442091533E5B2B6A725B05A7BACCB6D3AE37A0F33AEBF4C473A8335A83A82DA95801AA465003A12AB61554754F5D4BF7E9DA79E7A2A52C3A9556F1ABA65A9D69BDAEDF697BD5EEFCA70D49B7684DFEF5F21BF8B5FEA297FED43F4BC63C78EBD23BF878679F3E6EDA43708A900D0651222EAE4B04A9B065609175A12A085903A0B5B7713D25AD687939393AB25B4AE9500B2392E2E6EC7405FBF52273BEDDFBFDFBAAC35A81A2CBB1A504383EA8F7EF423F3E4934F5AA3B43A99EA9D77DE89A8D3FEBAE6AB3C1FFE5F60F4D41938A5AF81F405797EE4F6F4F3233D3DDDF3E69B6FFEF4F0E1C3FF919A9A9AD0627B567433798370A8ACAC6C9284D4B9F406211500BA2BB016684B4B4B7BD2E572A506F6657F509A9EC27D548E8F06265E6DD0C02A21AA481E5731D0FA4AD7410DD249529DA941ED08FD7C0B172E341B376EB4AEEB4A0DBD1D5235301F3870C014141458CB65896581BB74B4FDF9F2F2F25EDDB2F49BDFFCE6EFDF7AEBADEF1E397264C6C4891393F88BEEB1807A74EFDEBD83E439F0704646C63E7A84900A00DD2A103676059A55C72AA1546769DF25D767EA653966391C0E6BA50073A18E756D4E4ECEE9FEDE37BA935420A435CFE4EF0EF3E7CF377FFDEB5FAD59FE3A9AAA35B03A19AEA7E992593A41ACA8A8C85456565AB7E9524F7EBF7F95D69B06EA9D23823C3F17CBF7B845DE479D993265CAA4A8285E9ABBD3B163C7769495954DD0803A77EEDC027A84900A003D2E50C7FA9CB69675ACE6C22C6E6D3AF14A038B0E33AE0C3CA6DFD1AD4E8393A5AEBFFE7A336CD8B06EF93A3AEB7FC68C19E6BDF7DEB3AE7FF0C107DD16885BA3A1584770DF7AEB2D2BA82A2D45D0A5B59C4EA759B468D17F8FB4DF4D7A7A7A9D7CCF77545757FFEADD77DF1D2DA1FE5397CB953C78F0E024026BD7C91B131D39AD92E7C66715151583E5EFC0A3A7F8194125A402404468A38E354302EBFD72D4D502B4FD5C02AB0E37E6C9ED459134DAD655C15154A54B7C7527FDFCC190AA5FB72742EAF1E3C7AD70AA75B03A714BE9EA0277DD7597993D7BB6B52CD6F6EDDB23F6F7A3F5A972F8516161E10BA74E9D5A264D6BAC6F9116CB5F6F97F9E46FBC54FEA68BE5F27A264911520120D2036BB08EF5275AC72A977574F541736129A2A7E5454D570A2895CB451A5A9D4EE7CEBEBCE39586B8A0AF7DED6BDDFAB55252529A2FEBC60CDD4997BDDAB06183F9E4934F9A478AAFBBEE3AF39DEF7CC74C9E3CB9CFFD9E24D0EB73EE19FE4A01422A8001AE451DEB33D9D9D99303B5AB19E6C2E8EAF7B5B9DD6E5D29604360A5800D7D2DB0EACCF6203D25DF9D423F7F5D5D5DD83FBF8E946A19C11B6FBCD15C6FAA75B63A494B4FEBEB1AAD0008A900D0AF0476AF7A465BE8060281928065725CA62B05C87D25723DAFAF6CD11A3C05AEC2B5EC545B42D7FCD40954E10CDABA4281B660BDE9D0A1434D4646861550131313790203845400E8FF423710082C00BF2850C7BA28105EE7FB7C3EAF6ED1AA23ACBA5351A44EBCD24943C1A0AA8BF97767500D0648A5B5A05DA5A50A5BB66CB1464F833FC3D8B163AD9504349CEA282A00422A000C488185DE5769D3ED34EBEBEBD32498EA16ADBA42804EC24A93E3B3913AF14A47198301AFBABABA5B43AA7EFEA02BDD973EB8BEE9EBAFBF6E2D6515A475A63A116BDAB469845380900A0C0C76BBBDC9EFF7DB742D45F41E09775A3C191FE18155D39E4EA82A4A4B4B8B72B95CB7064658B596F54B13AFFEFEF7BF9B9123479A6BAEB9262CA38A576ADCB871CDF59B870F1F0EFB42FEA1F4F3077DF5AB5FEDD4633548EBE97C9D891FFC7E7514F8D65B6FB5C2696FACB90A80900AF42A0910E7750FED2B1DF94178D4D4D41C9383BFAF7CBF8189572581F664CB8957BA04D3B3CF3E6BD569DE78E38D66EAD4A9D6B1A703EB942953ACD3E5EAFDF7DF3773E776DF4E90BB76ED6ABEAC239E1DA19B0D6838D550AF9795D69BDE71C71DD6F7CADEF600211518C82175BF04A49B09A9BDEBF3CF3FD749481FF5D5EFBFE5C4AB6F7CE31B9F545555E92E37E6EDB7DFB69A06543D6D3D6BD62C2BB46A18EB6E37DD749379F5D557AD894CBA6C5345458571B95C61FF3AFA79F7EEDD6B5DD6D3F1FA33B647EB4DF594FEEEDDBB9B9790D2515F9DA54FBD29404805201A1A1A5E95303173CC98319CEFEF3DDE3367CE4C92E3B3FDE187D14954CB972F37B7DF7EBB359948777DDAB76F9F75D4A0A84D43D8840913AC11475D74BEBB4E676B0DAA7E0D0D836ACD9A35E6F1C71F0F7B085CB76E5D73D8D4AFD75AEDABDEAF4176F3E6CD5FDAAAF5B6DB6EB32643E9A4280020A402017EBF7FC5D9B3677FA9A7FC39B5D83B8E1D3BF68EFC1E1AFAE38E30FA9CD210A64D4733359CE9AE4C1A5AF5B2B6FCFC7C6B97241D7DD480377EFCF8B07E0F77DF7D777348D5A3CE980FE76E507ABA3EF454BFEEF6144A7FEEBFFDED6FD6C79597975BB7516F0A80900A5C866E4BF8E69B6FFEF4F0E1C3FF919A9A9A60B3D9E8941E246F100E9595954DD23DB5FBFBCFAAA7FB35846AD351C523478E58A3AA3B77EEB4C29BEEA0A44D43DBF4E9D3ADD01A8E89577A1A5DEB3B3524AA3FFDE94F262929C9CC9C39B3CB3F937EFFAB56AD6ABEAE617CE2C489D6E5D3A74F5B5F53B72C0D6E2AA0615C4FE7536F0AA02D14FB0021E4457BD7D2A54BE7783C9EC4E1C387C7D3233D16508FEEDDBBD72917BF7FE79D77EEE84F3FDBF7BEF7BD67DA9BE1AEAB496818D5AD3C75517A3DE5AF75D15EAFD79C3871C2DAEE73C78E1D56C8D37ACF868606939C9C7CC5A7E97502952EE9A4C151E9242A796360264D9A64AE64650B0DD91B376E342B57AEB4BE67A523C08F3EFAA8F5BDFFF9CF7F36AFBCF28AF535EBEBEBAD5ADC871E7AC82C59B2C45C7BEDB53D3A814CB7685DB366CDFFE62F0EE81B1849055AB0D96C8B2B2B2BB748503D232FE893A2A2F833E94EC78E1DDB5156563641FAFDE1B973E7160CF4FED011463D2DAF4D83E4871F7E689505846BE2953EF6873FFCA1B5E2808EDA6AC85CBF7EBD15561F78E0810ECFC657BA8EA98E9E7EF6D967CDB769E0BEF9E69BCD73CF3D678E1E3DDAFC35F5947E7A7A3A5B9602E8F8EB315D005CAAB8B8D8E9F57A7F25C1E94179D1FDD4E572250F1E3C3889C0DA753A6A77F6ECD92A09609F5554540C9690F489DCF6938C8C8C7DFDF1E7DDBA756B934E9CEAAA9613AF82DB8D5EE9C42B5D8FF4F7BFFFBDD9B367CF976E1F326488157E7534544780478F1EDD3C6A7BEAD429F3F1C71F5B23A47AEA5EAF87D2D281BABA3AE376BBADEB7A1A7FCE9C39D629FD48A837D5B557E7CD9BC7EB1E404805FABEC2C2C21409A6CBE4E21C69B7488BA557BACC27E17F4F535353B15C5EDF1F27497547480DD572E255705D51D5D989573A9149276CE956A9574ADFBCE99B0F6D4ACB1174D2947E1F3A312A52105281BE856121A01D0B162C283517D6BC04224638275EE948A7AEA12A6FC8ACD01BDCE5A9A3E154EB5083B5A85A82B070E142ABEE95F54D011052016000D330A8E1505B6666A6B538BEEE2CA5A7F1F5F25B6FBD65B5F676BCD2FBEEB9E71EAB691DA986D5D2D25273E6CC196B36BE8EDCEAC7C7C7C75BC1544B0FB46938D5DBB5CC40474E7514170008A900804BE83253DA3470EAA8A82E9AAFA155EB483B32F14A4B045A9609E8E7D153E51A76ABABABADDBF4313A0AAB2B12B0841400422A00A0C3B43654B717D5A623A23ABAAA2DB8DBD5E576BCD2BAD7E2E2622BE4067791D2D1521D3565CB520084540040972526265A239FDA7466BF2E1FA5E173FFFEFD5FDAF14A83AD06D1AAAAAAE6A5A5348C6A88D57A531D810500422A0020EC74C6FD8C1933ACA6F5A6BAD0BE6E67FAEEBBEF5AA7F68393A774D73597CB652D21A5E1B62717DE0700422A000C603A394A03AAAE0C105CDF5443ACD699EA7DBA5AC09A356B4C6E6EAE359AAAC1363535D50C1E3C98CE034048050084979EDE2F2828B04EFB07EB4D75C2545A5A5A73BD69CB1DAF76EFDE6D35A5A7FD7595000DAD91B0503F00422A00A08FD230AA3B45959494346F59AA6154274CE996A52DEB4D357CDE71C71D566BB9E355B08E75DDBA75D656A73ACAAAEBADEACA0200404805005C9606CCCD9B375BBB4B0577A7D2D3F91A3E75372C9D2C7539FAF1B7DD769BD55AEE78A5CB5B697BFDF5D7AD60AB615543AB865E560000404805007C89D6936EDAB4C9AA37D560A934906A30D5807AA5EB9BB6B7E3959608E8EE55DA744501AD5FD592000DAC91B4452A00422A00A087E928E75FFEF217EB18A421514FE9EB28673847375BEE78A5C158C3AA8EB06A49818EDE6AD3601B0CAC7A64030000845400180074A454C3A18E9C6A500C06489D04A593A15AEE22D55D748DD5BBEFBEDB6A2D275EE9BAACDA82C176E6CC99E6861B6EF8D28E5700404805807E20586FBA65CB16EBB2D2514ADD654AC3696F06C0F6265EE92602DA56AF5E6D4DBC0AAEDB3A76EC587EA90008A900D057E982FB6FBCF1C625F5A6F3E7CFB766EB47DAE9F48E4CBC5ABF7EBD156CF5FBD77A57DDAE95895700211500D007B4B6BEA99E3AD72D4BA74C99D22742DDE5265EE9CFA74D4781A74E9D6A66CD9A65FD8CEC7805105201001124B8BE6968BDA90636AD37BDEBAEBBAC3AD0BEEA7213AFDE7EFB6DABE9CFAB9B076868D5461D2B404805007481DD6E377EBFDF3A76565BEB9B6ABD69464646BF9C21DFDEC42B0DAFDA34D86A29808EC46A69404776BCD2DF81F0F28C0408A90000111313E391B0E94C4848E8F0635AAB37D5F0A6A3A61ACA06CA69EF8EEC78959F9F6FF58D960468686D6B1583DADADA8FE5708667244048050088D8D8D88F6B6A6AA67424A4B6AC37D511430D5E5A6FDA72CBD281A6BD89575A22B061C306AB69B0BDF6DA6B2FA963ADAAAAD2805AC2331220A402008C75BAFF0D094853C68C19D3EAFDEDD59B7EFBDBDFEED096A503CDE5265EB556C72A1F37527E17EBE93DA0EFB0D10500D07D8A8B8B9D369BADE6FAEBAF8F09AD216DADDE542703CD9933A7DFD69BF6849613AF42DE2CF8C5F6A6A6A6CDF2FBC815A5F4164048058001EDDD77DF7D3A2A2AEA17D3A64DB39F3C79D214151559412AB8F8BED651EAC2FB3A7ACABAA0E1A3A3AA1F7CF0815FDE28F82A2B2B75E6546CC8DDBA676C9E84D6A2BCBCBC9DF416404805800169EDDAB51F1D3C78704269696973BDE94D37DD64D2D3D3077CBD69773977EE9C96019C696C6C7C50FA7F87C7E35964B3D93224982E92BB9D211F5A2AAD4843ABD3E9DCB96AD52A0FBD07105201A0DF4A4B4B8B72B95CF7CBC547A4CDD6DB626363CD2DB7DC62BEF5AD6F516FDA8DCACACAEA3FF9E4138F04D2FBE7CE9D5B107ADFB265CB9CF5F5F56972DF12B93A575AF35EAC725BB504D90D5A16101717B781C00A105201A0DF901034C4E3F13C2617978704A0A376BB7DF5030F3C705D4C4CCC7F1B3D7A74D4F0E1C3EDF1F1F1262A8A39AC5DA5EBA0D6D5D5E95253E6F3CF3F3FDBD8D8F84F698F646464ECEBC01B895B0323AC5972534AC8DD1A504BA4E5391C8E6DEBD6AD3B414F03845400E873B2B3B3274BD0592EED61093D43023797C8F515959595AF959494588BC9171616A64838FD9FF231DFAAAFAF1F2FF75388DAD517339BAD293A3AFA337923B04DDE20FCE7BC79F37676E177A86135C30446BF03F477B783895700211500FA8C7BEFBD77AEC3E1F8990498347361693F0D346B359C3229A7EF97A8A9700000098849444154CACACA4A91C37C694B028135B48E95895700211500228F9ED277BBDD5A6FBADC66B3A5066E3E2D2DD7E7F3FD263F3FFF28BDD4BF7EDF4CBC0208A90010B1323333C73B1C8E475A9CD2D740FA8284D3B5124EEBE8A57E1F5899780510520120322C5DBA34D5EFF7FF582EEAE86970A693D69BBE5059595914AC37C5C0C2C42B80900A00BD1240468D1AB550C2C75372756648F0C8B5DBEDBF79F5D557F7D04B08C5C42B80900A00DD464FE7BADD6E3D9DFF3373F154AED69BBEEC743A5F58B56A5535BD84CB61E21540480580B008D49B3E211775628C4B6F9310B147C2EA0A09A7B9845374E18D0F13AF00422A0074CE92254B74944B67E92F3321F5A672FDF9F2F2F26DD49B22CC81B5CD8957E6423949813CF736CB71434E4ECE697A0C845400184042EA4D7532545AE0669D99FF9A4E86CACBCBDB472FA1279E87ED4CBCB2DE2C49DB145839A2821E03211500FAA9907AD327420281CEBA5E29B7BDC4C8157A5360E2D542B9F85D73A18E3538B2EF95E7A7AE26B1DEE17014B0520008A900D04F646666BAB4DE34747DD340BDE96F2A2A2AD6724A1F11FA9CD5FAD5BBCC85B280D03AD65DD28AEC76FB7A569900211500FA20AD370D8C9A2E0CBEC84B38D5C5D67F77F2E4C912C229FA029D78555F5FAFCFE1BBFC7EFFFC908D24948EFEBF26B76D8C8D8D2D61E21508A90010A102F5A65912441F91ABB7066ED67AD3B5D29E678D4AF483E7F75C09ABF74830D5E0EA0ADEA73B5ED9EDF6222D0BF0F97C45EC8006422A0044001D6D72BBDDDF9717EEE572757CE0E65279C15E111717F7324B48A13FCACACA9A29CFF97BE479BE38E479AFF42C812E6DB55EEE2FA0DE1A845400E861C1F54D757674C869505D203DB8BE29A73F3120B437F1CA04361090BF91D724B01EA2B7404805806E929595952607DD156A6EE0C5586740EB12522B7273734BE8210CF0376FED4DBC3AAA7F2B7EBF7F233B5E81900A0061105857F2FE40389DACB705EAF05EF67ABD2BF3F3F38FD24BC025813541FE46164AFB6E2B13AF74FDD50D72FBFA418306EDE0CC0308A900D009816D251F938B5A6F1ADCA14703E90B6C590A74EE8DDEC89123D324B0DE6342B6000EBEE19300ABAB5F6C8E8B8BDB406005211500DA10A8B1D35153DD8D2778BA922D4B8130D18957E6420DAB06D6A9217769402D9196E77038B6B1810008A900609AEB4D9F3617B72CD530BA56EB4DA9A103BAF54DA1BE21CC3017265E9990BFBF1D3AC22A6F107359C60D845400038A6E59EAF178F405F24BF5A6BA2B94C3E1F8232339408FBE514C91C37C694B02813574E295B55280FC7D16F1A611845400FDD67DF7DD37D6E7F33D2C2F783F0E99D0A1F5A6BF6409292022DE406A4DF822F9FBCC90BFD3452D026BA9B9B01E6B9EFCBDEEE4EF158454007D5E60CB52DD154A67EB07D773A4DE1488ECC0EAACAFAF4F93B0AA23ACBAB45570222313AF404805D07705B7740C4C864A0BDCAC2F64B91A4E59641CE85B7FCF2E97EBD6C008AB96EAA484DCCDC42B10520144BEC0E9427D117BC25CDCBA515FB4563A9DCE1759420AE8FB987805422A803E43B72C8D8A8A5AEEF7FBBF1F526FAAA3A5CF575454ACE5943ED03F31F10A84540091FA0295A6F5A6F222B4D804B62C95B64DC3295B9602030B13AF404805D0ABB43E2D393979716032549ADE16984891EBF3F95E60CB52004CBC022115404FBEE80C71BBDD7A3A5FB72C0DD69B1E95179A95F242F332F5A600DA7A63CBC42B1052015C366876364C6ABDA9BC783CA12F2E21F5A6BBE4F22FCBCBCB0BA83705D0194CBC02211540CBB0E9B2DBED25797979933BF2F1812D4B7509293D5567AD6F2A2F1E1B746728EA4D01840313AF4048050638DDEDC9EFF7FF4DFED97F4DAF4BC86CF5FF426B5B968A3A69AFF97CBE5F526F0AA0BB30F18A900A608059BA7469AA04D44D727174E0A64609A9312D436C2B5B961E92EBBF8B8B8BFB232F08007A38B032F18A900AA03FCBCECEBE55FE91BF2E178786DE1E1C496D63CB52EA4D01440C265E115201F4BF803A5FFEA16F948B31ADDCDD28EDEFE6E296A5D6297DB62C05D007FEB731F18A900AA0AFCACACA5A2687156D04D45075F2CFFCA5D8D8D8E759420A401FFC5F97629878454805D067FE69FFAB1C9E93E6B8CC87D64B401D9B9393739A5E03D0D731F18A900A20B203EA337278BAA31FDFD62C7F00E8E381B5DD895776BB5D03EB26AFD7BB213F3FBF8E1E23A402E8DE80BA520E0F75F671045500FDD965265E691DEB36691B1D0E470113AF08A900C23C62E0F1785E938B775DC9E309A9000692C02E7AC1B28034737165131D65DD1318655DCD2452422A802E58B264C944F9477BB8930FD3918313F2B8A3F20FF9A884D41FD0930006A2ECECEC11F27F7061E04DBE4EC04A08B97B9FFC9F2CF0FBFD1B9978454805D0F990BA4DFE897EB395BB2AA495CA7DA5E6C28481633E9FAFD46EB71FADA8A838C1FAA700F0657A56CAED766BFDEA77E57FA7065757E8FF5409B305F23F74536C6C6CD1954EBCD2E5B318A125A4020325A4EA48EAFF958BFBE51FE8560DA1F20FB49499AB00D0355959593335B04AD39502A686DCA513AD4AA4ADD791D6CEAC90229F53FE5537FD282F2FEF257A98900A0000D0D50181A912481749C0BC478EA921775913AFE4B6F55EAFB7203F3FBFE272213570B1C8E170FC0B13B508A90000006171DF7DF78D9540AA13AFEE91ABB79A908957A24482ECFAA8A8A80D2D03684840B5E8525872F8415E5E5E2E211500000061939999E99240BA5002A79605683D6BE806021A520BA4E5555454EC70B95C8DAD86349B2D373636F6070375D73F422A000040F706D60409AC1A549704560C085D2940EB5647B4F3702D13C8CECDCD2D21A4020000A05BE80602A3468D9A1B1861D5C03AB6830F7DC9E974FE74204D7E25A4020000F452604D4E4E6EB0890E3EE4A8B930AABA6B20F48F83A708000040CF2B2D2DF54F9B36ED994E3C6498B4E553A74EB58F183162873EBE3FF78F9DA7080000409FA1038C4FEB64ABCCCCCC3984540000008455CBA5A73A9D561D8E5FF5E7FE89E2290200001091749254458BE3299BCD36A5A9A9A9D1EBF5FE9C900A000080B092A0F9A404CE0A397A428F3E9FCF73B91DAA000000000000000000000000000000000000000000000000000000000000000000000000000000000000000000000000000000000000000000000000000000000000000000000000000000000000000000000000000000000000000000000000000000000000000000000000000000000000000000000000000000000000000000000000000000000000000000000000000000000000000000000000000000000000000000000000000000000000000000000000000000000000000000000000000000000000000000004494FF0FB56052A5FB0D20010000000049454E44AE426082, null);
INSERT INTO `act_ge_bytearray` VALUES ('15012', '1', 'source', null, 0x7B226964223A2263616E766173222C227265736F757263654964223A2263616E766173222C227374656E63696C736574223A7B226E616D657370616365223A22687474703A2F2F62336D6E2E6F72672F7374656E63696C7365742F62706D6E322E3023227D7D, null);
INSERT INTO `act_ge_bytearray` VALUES ('2', '2', 'source', null, 0x7B227265736F757263654964223A2231222C2270726F70657274696573223A7B2270726F636573735F6964223A22E69CAAE5AE9AE4B989222C226E616D65223A22222C22646F63756D656E746174696F6E223A22222C2270726F636573735F617574686F72223A22222C2270726F636573735F76657273696F6E223A22222C2270726F636573735F6E616D657370616365223A22687474703A2F2F7777772E61637469766974692E6F72672F70726F63657373646566222C22657865637574696F6E6C697374656E657273223A22222C226576656E746C697374656E657273223A22222C227369676E616C646566696E6974696F6E73223A22222C226D657373616765646566696E6974696F6E73223A22227D2C227374656E63696C223A7B226964223A2242504D4E4469616772616D227D2C226368696C64536861706573223A5B7B227265736F757263654964223A227369642D35314138393141302D464145412D344335372D383633342D363045414535433145413331222C2270726F70657274696573223A7B226F766572726964656964223A22222C226E616D65223A22222C22646F63756D656E746174696F6E223A22222C22657865637574696F6E6C697374656E657273223A22222C22696E69746961746F72223A22222C22666F726D6B6579646566696E6974696F6E223A22222C22666F726D70726F70657274696573223A22227D2C227374656E63696C223A7B226964223A2253746172744E6F6E654576656E74227D2C226368696C64536861706573223A5B5D2C226F7574676F696E67223A5B5D2C22626F756E6473223A7B226C6F7765725269676874223A7B2278223A3239372C2279223A3132307D2C2275707065724C656674223A7B2278223A3236372C2279223A39307D7D2C22646F636B657273223A5B5D7D5D2C22626F756E6473223A7B226C6F7765725269676874223A7B2278223A313230302C2279223A313035307D2C2275707065724C656674223A7B2278223A302C2279223A307D7D2C227374656E63696C736574223A7B2275726C223A227374656E63696C736574732F62706D6E322E302F62706D6E322E302E6A736F6E222C226E616D657370616365223A22687474703A2F2F62336D6E2E6F72672F7374656E63696C7365742F62706D6E322E3023227D2C227373657874656E73696F6E73223A5B5D7D, null);
INSERT INTO `act_ge_bytearray` VALUES ('2502', '1', '132.bpmn20.xml', '2501', 0x3C3F786D6C2076657273696F6E3D27312E302720656E636F64696E673D275554462D38273F3E0A3C646566696E6974696F6E7320786D6C6E733D22687474703A2F2F7777772E6F6D672E6F72672F737065632F42504D4E2F32303130303532342F4D4F44454C2220786D6C6E733A7873693D22687474703A2F2F7777772E77332E6F72672F323030312F584D4C536368656D612D696E7374616E63652220786D6C6E733A7873643D22687474703A2F2F7777772E77332E6F72672F323030312F584D4C536368656D612220786D6C6E733A61637469766974693D22687474703A2F2F61637469766974692E6F72672F62706D6E2220786D6C6E733A62706D6E64693D22687474703A2F2F7777772E6F6D672E6F72672F737065632F42504D4E2F32303130303532342F44492220786D6C6E733A6F6D6764633D22687474703A2F2F7777772E6F6D672E6F72672F737065632F44442F32303130303532342F44432220786D6C6E733A6F6D6764693D22687474703A2F2F7777772E6F6D672E6F72672F737065632F44442F32303130303532342F44492220747970654C616E67756167653D22687474703A2F2F7777772E77332E6F72672F323030312F584D4C536368656D61222065787072657373696F6E4C616E67756167653D22687474703A2F2F7777772E77332E6F72672F313939392F585061746822207461726765744E616D6573706163653D22687474703A2F2F7777772E61637469766974692E6F72672F70726F63657373646566223E0A20203C70726F636573732069643D22E69CAAE5AE9AE4B9892220697345786563757461626C653D2274727565223E0A202020203C73746172744576656E742069643D227369642D35314138393141302D464145412D344335372D383633342D363045414535433145413331222F3E0A20203C2F70726F636573733E0A20203C62706D6E64693A42504D4E4469616772616D2069643D2242504D4E4469616772616D5FE69CAAE5AE9AE4B989223E0A202020203C62706D6E64693A42504D4E506C616E652062706D6E456C656D656E743D22E69CAAE5AE9AE4B989222069643D2242504D4E506C616E655FE69CAAE5AE9AE4B989223E0A2020202020203C62706D6E64693A42504D4E53686170652062706D6E456C656D656E743D227369642D35314138393141302D464145412D344335372D383633342D363045414535433145413331222069643D2242504D4E53686170655F7369642D35314138393141302D464145412D344335372D383633342D363045414535433145413331223E0A20202020202020203C6F6D6764633A426F756E6473206865696768743D2233302E30222077696474683D2233302E302220783D223236372E302220793D2239302E30222F3E0A2020202020203C2F62706D6E64693A42504D4E53686170653E0A202020203C2F62706D6E64693A42504D4E506C616E653E0A20203C2F62706D6E64693A42504D4E4469616772616D3E0A3C2F646566696E6974696F6E733E, '0');
INSERT INTO `act_ge_bytearray` VALUES ('2503', '1', '132.未定义.png', '2501', 0x89504E470D0A1A0A0000000D49484452000001330000008208060000002AB92F3A000003E04944415478DAEDDD4D6B5C551807F02EBAE887702128E8C7C8873064DA199A6112326DCDE4D542A0090D6D16534AE8BA10904AC5858424C46812A2540C352809E98088556B4A9B66C8A61475625EECF59C6237E2C2D03B37017F3FB8CC6E069EC59FE79C7B9E33274E000000000000000000000000000000000000000000000000000000000000000000000000000000000000000000000000000000000000000000000000000000000000000000000000000000000000000000000000000000000000000000000000000000000000000000000000FCEF254972AA56AB956FDDBAF565B55A7DD6D3D3B35F2C16935C2E97140A85E7E7CF9FDFBD74E9D2836BD7AEDD0ECF5B2A061CBB109B9C9CFCE0EAD5ABFB7D7D7DC9CD9B379395959564737333D9D9D949A2F8B9BDBD9DACAEAE2621EC92DEDEDEE7FDFDFD1B5D5D5D9D2A081CB9105AA5B1B1B13F2E5EBCF822A80E0E0E92FF6A7D7D3D191A1A3A2897CBDFB7B6B6BEA99AC051746327676666BE3877EE5C323B3B7BA810FBA7F9F9F9A4542A35746940E64176E7CE9D6F2A954A72FFFEFD240D1B1B1B4908C6466767E7BB2A0C6422766431C8E21E589AE2F785EEECD7D3A74F17541968AAB847169796697564FFD6A19D3D7BF66908B4B7551B68D6F2F2D4952B5776E31E5933CDCDCD35F2F9FCD72A0E34C5D4D4D487F1ADE5DEDE5ED26C172E5CA85B6E024DE9CAE239B278FC220BF7EEDDDBD59D01A98B27FBE3A6FFAB1CC138AC52A954CFE572AFAB3E909A38A23431319164E9C68D1BEB21CCDE537D203571D6328E2865E9EEDDBB1B21CC66551F484D1C1ADFDADACA34CCEAF5FA7608B347AA0FA426DE7EF172683C2BF1F74298EDA83E909A788DCF5188BFABFA406ADADBDB9F67DD99351A8DBACE0C4855A552D9CD7ACFECC993273FD8330352353232F263D66F331716163EF5361348D5F5EBD727B23E6776F9F2E539E7CC80540D0F0FBFD1DDDDFD678613003B67CE9CF9D9040090BA8181819FB29ACD0C4BCCDB21C8BE527520751D1D1DAD838383FB1974674F4357B6E6D60CA069CAE572ADD9F799C5FDB9D895B5B4B49C5471A029E21E56FCF39166DD345BABD566C26F6CB9691668BA42A1900F1DDAEF69FF07C0E3C78F97C3F2F2A1E52590997C3E5F8A7F3E925687163BB218646D6D6D43AA0B642A044F2E7469CFA6A7A77F7B8597024FC7C7C7DF8F4BCBF01455153812710F2D74549F8765677D6D6DAD719873648B8B8B1F8530FC366EF6DB23038E4BA8BD1343AD582C6E57ABD5EF9697971F6E6E6E6EBD1C4E8F43E371D6726969E993D1D1D1CFC232F5410CB1D88D796B091C3B21A45E0B5D565F08A98FC3F34BBCF5225EE3F3F7E7A3386B1947949CEC070000000000000000008043FA0BB7255092207773290000000049454E44AE426082, '1');
INSERT INTO `act_ge_bytearray` VALUES ('2506', '1', '132.bpmn20.xml', '2505', 0x3C3F786D6C2076657273696F6E3D27312E302720656E636F64696E673D275554462D38273F3E0A3C646566696E6974696F6E7320786D6C6E733D22687474703A2F2F7777772E6F6D672E6F72672F737065632F42504D4E2F32303130303532342F4D4F44454C2220786D6C6E733A7873693D22687474703A2F2F7777772E77332E6F72672F323030312F584D4C536368656D612D696E7374616E63652220786D6C6E733A7873643D22687474703A2F2F7777772E77332E6F72672F323030312F584D4C536368656D612220786D6C6E733A61637469766974693D22687474703A2F2F61637469766974692E6F72672F62706D6E2220786D6C6E733A62706D6E64693D22687474703A2F2F7777772E6F6D672E6F72672F737065632F42504D4E2F32303130303532342F44492220786D6C6E733A6F6D6764633D22687474703A2F2F7777772E6F6D672E6F72672F737065632F44442F32303130303532342F44432220786D6C6E733A6F6D6764693D22687474703A2F2F7777772E6F6D672E6F72672F737065632F44442F32303130303532342F44492220747970654C616E67756167653D22687474703A2F2F7777772E77332E6F72672F323030312F584D4C536368656D61222065787072657373696F6E4C616E67756167653D22687474703A2F2F7777772E77332E6F72672F313939392F585061746822207461726765744E616D6573706163653D22687474703A2F2F7777772E61637469766974692E6F72672F70726F63657373646566223E0A20203C70726F636573732069643D22E69CAAE5AE9AE4B9892220697345786563757461626C653D2274727565223E0A202020203C73746172744576656E742069643D227369642D35314138393141302D464145412D344335372D383633342D363045414535433145413331222F3E0A20203C2F70726F636573733E0A20203C62706D6E64693A42504D4E4469616772616D2069643D2242504D4E4469616772616D5FE69CAAE5AE9AE4B989223E0A202020203C62706D6E64693A42504D4E506C616E652062706D6E456C656D656E743D22E69CAAE5AE9AE4B989222069643D2242504D4E506C616E655FE69CAAE5AE9AE4B989223E0A2020202020203C62706D6E64693A42504D4E53686170652062706D6E456C656D656E743D227369642D35314138393141302D464145412D344335372D383633342D363045414535433145413331222069643D2242504D4E53686170655F7369642D35314138393141302D464145412D344335372D383633342D363045414535433145413331223E0A20202020202020203C6F6D6764633A426F756E6473206865696768743D2233302E30222077696474683D2233302E302220783D223236372E302220793D2239302E30222F3E0A2020202020203C2F62706D6E64693A42504D4E53686170653E0A202020203C2F62706D6E64693A42504D4E506C616E653E0A20203C2F62706D6E64693A42504D4E4469616772616D3E0A3C2F646566696E6974696F6E733E, '0');
INSERT INTO `act_ge_bytearray` VALUES ('2507', '1', '132.未定义.png', '2505', 0x89504E470D0A1A0A0000000D49484452000001330000008208060000002AB92F3A000003E04944415478DAEDDD4D6B5C551807F02EBAE887702128E8C7C8873064DA199A6112326DCDE4D542A0090D6D16534AE8BA10904AC5858424C46812A2540C352809E98088556B4A9B66C8A61475625EECF59C6237E2C2D03B37017F3FB8CC6E069EC59FE79C7B9E33274E000000000000000000000000000000000000000000000000000000000000000000000000000000000000000000000000000000000000000000000000000000000000000000000000000000000000000000000000000000000000000000000000000000000000000000000000FCEF254972AA56AB956FDDBAF565B55A7DD6D3D3B35F2C16935C2E97140A85E7E7CF9FDFBD74E9D2836BD7AEDD0ECF5B2A061CBB109B9C9CFCE0EAD5ABFB7D7D7DC9CD9B379395959564737333D9D9D949A2F8B9BDBD9DACAEAE2621EC92DEDEDEE7FDFDFD1B5D5D5D9D2A081CB9105AA5B1B1B13F2E5EBCF822A80E0E0E92FF6A7D7D3D191A1A3A2897CBDFB7B6B6BEA99AC051746327676666BE3877EE5C323B3B7BA810FBA7F9F9F9A4542A35746940E64176E7CE9D6F2A954A72FFFEFD240D1B1B1B4908C6466767E7BB2A0C6422766431C8E21E589AE2F785EEECD7D3A74F17541968AAB847169796697564FFD6A19D3D7BF66908B4B7551B68D6F2F2D4952B5776E31E5933CDCDCD35F2F9FCD72A0E34C5D4D4D487F1ADE5DEDE5ED26C172E5CA85B6E024DE9CAE239B278FC220BF7EEDDDBD59D01A98B27FBE3A6FFAB1CC138AC52A954CFE572AFAB3E909A38A23431319164E9C68D1BEB21CCDE537D203571D6328E2865E9EEDDBB1B21CC66551F484D1C1ADFDADACA34CCEAF5FA7608B347AA0FA426DE7EF172683C2BF1F74298EDA83E909A788DCF5188BFABFA406ADADBDB9F67DD99351A8DBACE0C4855A552D9CD7ACFECC993273FD8330352353232F263D66F331716163EF5361348D5F5EBD727B23E6776F9F2E539E7CC80540D0F0FBFD1DDDDFD678613003B67CE9CF9D9040090BA8181819FB29ACD0C4BCCDB21C8BE527520751D1D1DAD838383FB1974674F4357B6E6D60CA069CAE572ADD9F799C5FDB9D895B5B4B49C5471A029E21E56FCF39166DD345BABD566C26F6CB9691668BA42A1900F1DDAEF69FF07C0E3C78F97C3F2F2A1E52590997C3E5F8A7F3E925687163BB218646D6D6D43AA0B642A044F2E7469CFA6A7A77F7B8597024FC7C7C7DF8F4BCBF01455153812710F2D74549F8765677D6D6DAD719873648B8B8B1F8530FC366EF6DB23038E4BA8BD1343AD582C6E57ABD5EF9697971F6E6E6E6EBD1C4E8F43E371D6726969E993D1D1D1CFC232F5410CB1D88D796B091C3B21A45E0B5D565F08A98FC3F34BBCF5225EE3F3F7E7A3386B1947949CEC070000000000000000008043FA0BB7255092207773290000000049454E44AE426082, '1');
INSERT INTO `act_ge_bytearray` VALUES ('2510', '1', 'source', null, 0x7B226964223A2263616E766173222C227265736F757263654964223A2263616E766173222C227374656E63696C736574223A7B226E616D657370616365223A22687474703A2F2F62336D6E2E6F72672F7374656E63696C7365742F62706D6E322E3023227D7D, null);
INSERT INTO `act_ge_bytearray` VALUES ('2512', '1', 'source', null, 0x7B226964223A2263616E766173222C227265736F757263654964223A2263616E766173222C227374656E63696C736574223A7B226E616D657370616365223A22687474703A2F2F62336D6E2E6F72672F7374656E63696C7365742F62706D6E322E3023227D7D, null);
INSERT INTO `act_ge_bytearray` VALUES ('3', '1', 'source-extra', null, 0x89504E470D0A1A0A0000000D494844520000015B000000AA08060000000376ECE5000000206348524D00007A26000080840000FA00000080E8000075300000EA6000003A98000017709CBA513C0000000467414D410000B18E7CFB5193000000017352474200AECE1CE900000006624B474400FF00FF00FFA0BDA793000000097048597300000EC400000EC401952B0E1B0000057E4944415478DAEDDD5D68D5E71D07F07F929393B42E2F8D2D04ACB848E2E27B944A906A0B9B9B43E9AE646A1D0C0A258E5ED43B5BA87831A137E2D568992C0CA59823A6EA0622449946340833F1E51CB2956369ADC4A4AE6A6214034D72FA7FBAF6A6172571C9619CF3F9407812C8390F3CFCF9F2CB93F3FC9E2802000000000000000000000000000000000000000000000000000000000000000000000000000000000000000000000000000000000000000000000000000000000000000000000000000000000000000000000000000000000000000000000000000000000000000000000000000000000000000000000000F87F516209809992CBE52AD3E9F4EFAF5EBDFAFAE0E060CB9D3B779E7DF8F061626C6C2C4A2412B9AAAAAAAFEBEAEA06AAABAB7BE25FFFE3EEDDBB3F11B600D308D9E3C78F1FECEFEFDF7EEFDEBDC4E2C58BA3952B5746F3E7CF8FE2708D2A2B2BA310B8A3A3A3D1EDDBB7A34C2613F5F5F5E54A4B4BBF78FCF8F1BE83070FFE45D802FC88CB972FBF71F6ECD90F4646462AB66DDBF66DC89695954DE9B5D7AF5F8F52A9D4C483070FB2F7EFDF7FEDD8B163370B759DCA3C2AC05356B389D5AB579FEDECEC7C7BFDFAF5899D3B7746F3E6CD8BE26A75CAEF515F5F1F6DD8B0A1B4BCBCFCF99B376FBEB966CD9A2F7B7B7BFB842DC07741DBDDDDDD73EAD4A99777EDDA15AD5DBB765A21FB438D8D8D514B4B4BF9A54B977E198FC37D7D7DFF14B640D10B156D08DA3D7BF67CBB2F3B136A6B6BA3D6D6D6F273E7CEBDB268D1A2DB994CE686B0058A56D8A30D5B07A1A29DA9A0FDDE9C3973A2152B56242F5CB8F0F3254B96FC2D0EDCAF0A65DD4A3D3AC034B60F2ABBBABA3EDCBC7973D4D4D4342B732C58B020DABA756B456969E95F0B69ED842D3065274F9E6C1F1D1D4D6EDCB87156E7D9B469D3333535350DDBB76FFF9DB0058AAEAA8DFFACFF6DF878577979F9ACCFD7D6D6F65C5CDDBE256C81A2124E86DDBD7B37113E479B0F61EFB6A2A2A2210EF79F0A5BA0688423B8D339B03013962F5F3E140F5B842D503442AF8365CB96E575CED6D6D6DA787855D80245233495099F14C8A7850B173E1B0F2D85B07E098F103015A17B573878904F3535352FC4C398CA16281AA16B57E8DE954FDFCD575908EB276C8129A9A8A8C885C0CDA7274F9E7CA9B2058A4A7575F5D7C3C3C3799D339E6F241E0AE2C8AEB005A6A4B6B6F68B5BB76EE575CE743AFD693C5C13B6403155B6DDE186857CEAE9E9C9C543B7B0058AC6C8C8C8FBD7AE5D9B9C9898C8D79463D96CB6391E3B852D5034F6EDDBF7693299FC2C5C65930F5D5D5D1F4F4E4EDE49A5529F0B5BA0D8AADB778F1C39329E87EA76F8D0A1434B4A4A4AFE5C286B276C81296B6F6F3FF6E8D1A37F9D3E7D7A56E7D9BF7F7FA86A1F0F0E0EA6842D50ACD5ED6F4E9C38F1249BCDCECAFBA7D3E9BFF7F6F66E8EABDA37CF9F3F3F5E28EBE65A1C605A3299CCF0D2A54B3FBF72E5CAAFC39D61E12A9B993230307069EFDEBD3F8BBF7DA7A3A3E31F85B46EC21698B61B376EA49B9B9B872E5EBCF88B784CCE9D3B77462ADA10B41313131FA652A90F0A6DCD842DF0B4E178B5B1B1F1B338707F55565636DED4D4947CCAEBCC870F1C38903A7AF4E8ABB95CEEBD78FC5321AE57894706F85F849B14E2906DAFAAAA5ADAD6D656BD6AD5AA67A6F8D2B13367CE9C3C7CF870E3F8F8F858D8A3EDE8E8F877A1AE93B005662A74B7C4A1FB876432B9BCB9B9F93FEBD6ADFB49434343B2AEAEAE3E74EF0A4D6542AF83FEFEFE6C5C0D9765B3D9B0653010BFB47D6868E8A342FA6798B00566DD8E1D3B5E9C9C9CDC92CBE55E8E7F7C29FEAA8FFEDB263174EF0A4D6542AF837004B7B3500E2C00000000000000000000000000000000000000000000000000000000000000000000000000000000000000000000000000000000000000000000000000000000000045E81B4E39B5441C9059D10000000049454E44AE426082, null);
INSERT INTO `act_ge_bytearray` VALUES ('5', '1', '132.bpmn20.xml', '4', 0x3C3F786D6C2076657273696F6E3D22312E302220656E636F64696E673D225554462D38223F3E0A3C646566696E6974696F6E7320786D6C6E733D22687474703A2F2F7777772E6F6D672E6F72672F737065632F42504D4E2F32303130303532342F4D4F44454C2220786D6C6E733A7873693D22687474703A2F2F7777772E77332E6F72672F323030312F584D4C536368656D612D696E7374616E63652220786D6C6E733A7873643D22687474703A2F2F7777772E77332E6F72672F323030312F584D4C536368656D612220786D6C6E733A61637469766974693D22687474703A2F2F61637469766974692E6F72672F62706D6E2220786D6C6E733A62706D6E64693D22687474703A2F2F7777772E6F6D672E6F72672F737065632F42504D4E2F32303130303532342F44492220786D6C6E733A6F6D6764633D22687474703A2F2F7777772E6F6D672E6F72672F737065632F44442F32303130303532342F44432220786D6C6E733A6F6D6764693D22687474703A2F2F7777772E6F6D672E6F72672F737065632F44442F32303130303532342F44492220747970654C616E67756167653D22687474703A2F2F7777772E77332E6F72672F323030312F584D4C536368656D61222065787072657373696F6E4C616E67756167653D22687474703A2F2F7777772E77332E6F72672F313939392F585061746822207461726765744E616D6573706163653D22687474703A2F2F7777772E61637469766974692E6F72672F70726F63657373646566223E0A20203C70726F636573732069643D22E69CAAE5AE9AE4B9892220697345786563757461626C653D2274727565223E0A202020203C73746172744576656E742069643D227369642D35314138393141302D464145412D344335372D383633342D363045414535433145413331223E3C2F73746172744576656E743E0A20203C2F70726F636573733E0A20203C62706D6E64693A42504D4E4469616772616D2069643D2242504D4E4469616772616D5FE69CAAE5AE9AE4B989223E0A202020203C62706D6E64693A42504D4E506C616E652062706D6E456C656D656E743D22E69CAAE5AE9AE4B989222069643D2242504D4E506C616E655FE69CAAE5AE9AE4B989223E0A2020202020203C62706D6E64693A42504D4E53686170652062706D6E456C656D656E743D227369642D35314138393141302D464145412D344335372D383633342D363045414535433145413331222069643D2242504D4E53686170655F7369642D35314138393141302D464145412D344335372D383633342D363045414535433145413331223E0A20202020202020203C6F6D6764633A426F756E6473206865696768743D2233302E30222077696474683D2233302E302220783D223236372E302220793D2239302E30223E3C2F6F6D6764633A426F756E64733E0A2020202020203C2F62706D6E64693A42504D4E53686170653E0A202020203C2F62706D6E64693A42504D4E506C616E653E0A20203C2F62706D6E64693A42504D4E4469616772616D3E0A3C2F646566696E6974696F6E733E, '0');
INSERT INTO `act_ge_bytearray` VALUES ('5002', '1', 'source', null, 0x7B226964223A2263616E766173222C227265736F757263654964223A2263616E766173222C227374656E63696C736574223A7B226E616D657370616365223A22687474703A2F2F62336D6E2E6F72672F7374656E63696C7365742F62706D6E322E3023227D7D, null);
INSERT INTO `act_ge_bytearray` VALUES ('5004', '1', 'source', null, 0x7B226964223A2263616E766173222C227265736F757263654964223A2263616E766173222C227374656E63696C736574223A7B226E616D657370616365223A22687474703A2F2F62336D6E2E6F72672F7374656E63696C7365742F62706D6E322E3023227D7D, null);
INSERT INTO `act_ge_bytearray` VALUES ('5006', '1', 'source', null, 0x7B226964223A2263616E766173222C227265736F757263654964223A2263616E766173222C227374656E63696C736574223A7B226E616D657370616365223A22687474703A2F2F62336D6E2E6F72672F7374656E63696C7365742F62706D6E322E3023227D7D, null);
INSERT INTO `act_ge_bytearray` VALUES ('5008', '1', 'source', null, 0x7B226964223A2263616E766173222C227265736F757263654964223A2263616E766173222C227374656E63696C736574223A7B226E616D657370616365223A22687474703A2F2F62336D6E2E6F72672F7374656E63696C7365742F62706D6E322E3023227D7D, null);
INSERT INTO `act_ge_bytearray` VALUES ('5010', '1', 'source', null, 0x7B226964223A2263616E766173222C227265736F757263654964223A2263616E766173222C227374656E63696C736574223A7B226E616D657370616365223A22687474703A2F2F62336D6E2E6F72672F7374656E63696C7365742F62706D6E322E3023227D7D, null);
INSERT INTO `act_ge_bytearray` VALUES ('6', '1', '132.未定义.png', '4', 0x89504E470D0A1A0A0000000D49484452000001330000008208060000002AB92F3A000003E04944415478DAEDDD4D6B5C551807F02EBAE887702128E8C7C8873064DA199A6112326DCDE4D542A0090D6D16534AE8BA10904AC5858424C46812A2540C352809E98088556B4A9B66C8A61475625EECF59C6237E2C2D03B37017F3FB8CC6E069EC59FE79C7B9E33274E000000000000000000000000000000000000000000000000000000000000000000000000000000000000000000000000000000000000000000000000000000000000000000000000000000000000000000000000000000000000000000000000000000000000000000000000FCEF254972AA56AB956FDDBAF565B55A7DD6D3D3B35F2C16935C2E97140A85E7E7CF9FDFBD74E9D2836BD7AEDD0ECF5B2A061CBB109B9C9CFCE0EAD5ABFB7D7D7DC9CD9B379395959564737333D9D9D949A2F8B9BDBD9DACAEAE2621EC92DEDEDEE7FDFDFD1B5D5D5D9D2A081CB9105AA5B1B1B13F2E5EBCF822A80E0E0E92FF6A7D7D3D191A1A3A2897CBDFB7B6B6BEA99AC051746327676666BE3877EE5C323B3B7BA810FBA7F9F9F9A4542A35746940E64176E7CE9D6F2A954A72FFFEFD240D1B1B1B4908C6466767E7BB2A0C6422766431C8E21E589AE2F785EEECD7D3A74F17541968AAB847169796697564FFD6A19D3D7BF66908B4B7551B68D6F2F2D4952B5776E31E5933CDCDCD35F2F9FCD72A0E34C5D4D4D487F1ADE5DEDE5ED26C172E5CA85B6E024DE9CAE239B278FC220BF7EEDDDBD59D01A98B27FBE3A6FFAB1CC138AC52A954CFE572AFAB3E909A38A23431319164E9C68D1BEB21CCDE537D203571D6328E2865E9EEDDBB1B21CC66551F484D1C1ADFDADACA34CCEAF5FA7608B347AA0FA426DE7EF172683C2BF1F74298EDA83E909A788DCF5188BFABFA406ADADBDB9F67DD99351A8DBACE0C4855A552D9CD7ACFECC993273FD8330352353232F263D66F331716163EF5361348D5F5EBD727B23E6776F9F2E539E7CC80540D0F0FBFD1DDDDFD678613003B67CE9CF9D9040090BA8181819FB29ACD0C4BCCDB21C8BE527520751D1D1DAD838383FB1974674F4357B6E6D60CA069CAE572ADD9F799C5FDB9D895B5B4B49C5471A029E21E56FCF39166DD345BABD566C26F6CB9691668BA42A1900F1DDAEF69FF07C0E3C78F97C3F2F2A1E52590997C3E5F8A7F3E925687163BB218646D6D6D43AA0B642A044F2E7469CFA6A7A77F7B8597024FC7C7C7DF8F4BCBF01455153812710F2D74549F8765677D6D6DAD719873648B8B8B1F8530FC366EF6DB23038E4BA8BD1343AD582C6E57ABD5EF9697971F6E6E6E6EBD1C4E8F43E371D6726969E993D1D1D1CFC232F5410CB1D88D796B091C3B21A45E0B5D565F08A98FC3F34BBCF5225EE3F3F7E7A3386B1947949CEC070000000000000000008043FA0BB7255092207773290000000049454E44AE426082, '1');
INSERT INTO `act_ge_bytearray` VALUES ('7502', '1', 'source', null, 0x7B226964223A2263616E766173222C227265736F757263654964223A2263616E766173222C227374656E63696C736574223A7B226E616D657370616365223A22687474703A2F2F62336D6E2E6F72672F7374656E63696C7365742F62706D6E322E3023227D7D, null);
INSERT INTO `act_ge_bytearray` VALUES ('9', '1', 'bpmn20.xml', '8', 0x3C3F786D6C2076657273696F6E3D22312E302220656E636F64696E673D225554462D38223F3E0A3C646566696E6974696F6E7320786D6C6E733D22687474703A2F2F7777772E6F6D672E6F72672F737065632F42504D4E2F32303130303532342F4D4F44454C2220786D6C6E733A7873693D22687474703A2F2F7777772E77332E6F72672F323030312F584D4C536368656D612D696E7374616E63652220786D6C6E733A7873643D22687474703A2F2F7777772E77332E6F72672F323030312F584D4C536368656D612220786D6C6E733A61637469766974693D22687474703A2F2F61637469766974692E6F72672F62706D6E2220786D6C6E733A62706D6E64693D22687474703A2F2F7777772E6F6D672E6F72672F737065632F42504D4E2F32303130303532342F44492220786D6C6E733A6F6D6764633D22687474703A2F2F7777772E6F6D672E6F72672F737065632F44442F32303130303532342F44432220786D6C6E733A6F6D6764693D22687474703A2F2F7777772E6F6D672E6F72672F737065632F44442F32303130303532342F44492220747970654C616E67756167653D22687474703A2F2F7777772E77332E6F72672F323030312F584D4C536368656D61222065787072657373696F6E4C616E67756167653D22687474703A2F2F7777772E77332E6F72672F313939392F585061746822207461726765744E616D6573706163653D22687474703A2F2F7777772E61637469766974692E6F72672F70726F63657373646566223E0A20203C70726F636573732069643D22E69CAAE5AE9AE4B9892220697345786563757461626C653D2274727565223E0A202020203C73746172744576656E742069643D227369642D35314138393141302D464145412D344335372D383633342D363045414535433145413331223E3C2F73746172744576656E743E0A20203C2F70726F636573733E0A20203C62706D6E64693A42504D4E4469616772616D2069643D2242504D4E4469616772616D5FE69CAAE5AE9AE4B989223E0A202020203C62706D6E64693A42504D4E506C616E652062706D6E456C656D656E743D22E69CAAE5AE9AE4B989222069643D2242504D4E506C616E655FE69CAAE5AE9AE4B989223E0A2020202020203C62706D6E64693A42504D4E53686170652062706D6E456C656D656E743D227369642D35314138393141302D464145412D344335372D383633342D363045414535433145413331222069643D2242504D4E53686170655F7369642D35314138393141302D464145412D344335372D383633342D363045414535433145413331223E0A20202020202020203C6F6D6764633A426F756E6473206865696768743D2233302E30222077696474683D2233302E302220783D223236372E302220793D2239302E30223E3C2F6F6D6764633A426F756E64733E0A2020202020203C2F62706D6E64693A42504D4E53686170653E0A202020203C2F62706D6E64693A42504D4E506C616E653E0A20203C2F62706D6E64693A42504D4E4469616772616D3E0A3C2F646566696E6974696F6E733E, '0');

-- ----------------------------
-- Table structure for act_ge_property
-- ----------------------------
DROP TABLE IF EXISTS `act_ge_property`;
CREATE TABLE `act_ge_property` (
  `NAME_` varchar(64) COLLATE utf8_bin NOT NULL DEFAULT '',
  `VALUE_` varchar(300) COLLATE utf8_bin DEFAULT NULL,
  `REV_` int(11) DEFAULT NULL,
  PRIMARY KEY (`NAME_`)
) ENGINE=InnoDB DEFAULT CHARSET=utf8 COLLATE=utf8_bin;

-- ----------------------------
-- Records of act_ge_property
-- ----------------------------
INSERT INTO `act_ge_property` VALUES ('next.dbid', '17501', '8');
INSERT INTO `act_ge_property` VALUES ('schema.history', 'create(5.18.0.1)', '1');
INSERT INTO `act_ge_property` VALUES ('schema.version', '5.18.0.1', '1');

-- ----------------------------
-- Table structure for act_hi_actinst
-- ----------------------------
DROP TABLE IF EXISTS `act_hi_actinst`;
CREATE TABLE `act_hi_actinst` (
  `ID_` varchar(64) COLLATE utf8_bin NOT NULL,
  `PROC_DEF_ID_` varchar(64) COLLATE utf8_bin NOT NULL,
  `PROC_INST_ID_` varchar(64) COLLATE utf8_bin NOT NULL,
  `EXECUTION_ID_` varchar(64) COLLATE utf8_bin NOT NULL,
  `ACT_ID_` varchar(255) COLLATE utf8_bin NOT NULL,
  `TASK_ID_` varchar(64) COLLATE utf8_bin DEFAULT NULL,
  `CALL_PROC_INST_ID_` varchar(64) COLLATE utf8_bin DEFAULT NULL,
  `ACT_NAME_` varchar(255) COLLATE utf8_bin DEFAULT NULL,
  `ACT_TYPE_` varchar(255) COLLATE utf8_bin NOT NULL,
  `ASSIGNEE_` varchar(255) COLLATE utf8_bin DEFAULT NULL,
  `START_TIME_` datetime NOT NULL,
  `END_TIME_` datetime DEFAULT NULL,
  `DURATION_` bigint(20) DEFAULT NULL,
  `TENANT_ID_` varchar(255) COLLATE utf8_bin DEFAULT '',
  PRIMARY KEY (`ID_`),
  KEY `ACT_IDX_HI_ACT_INST_START` (`START_TIME_`) USING BTREE,
  KEY `ACT_IDX_HI_ACT_INST_END` (`END_TIME_`) USING BTREE,
  KEY `ACT_IDX_HI_ACT_INST_PROCINST` (`PROC_INST_ID_`,`ACT_ID_`) USING BTREE,
  KEY `ACT_IDX_HI_ACT_INST_EXEC` (`EXECUTION_ID_`,`ACT_ID_`) USING BTREE
) ENGINE=InnoDB DEFAULT CHARSET=utf8 COLLATE=utf8_bin;

-- ----------------------------
-- Records of act_hi_actinst
-- ----------------------------

-- ----------------------------
-- Table structure for act_hi_attachment
-- ----------------------------
DROP TABLE IF EXISTS `act_hi_attachment`;
CREATE TABLE `act_hi_attachment` (
  `ID_` varchar(64) COLLATE utf8_bin NOT NULL,
  `REV_` int(11) DEFAULT NULL,
  `USER_ID_` varchar(255) COLLATE utf8_bin DEFAULT NULL,
  `NAME_` varchar(255) COLLATE utf8_bin DEFAULT NULL,
  `DESCRIPTION_` varchar(4000) COLLATE utf8_bin DEFAULT NULL,
  `TYPE_` varchar(255) COLLATE utf8_bin DEFAULT NULL,
  `TASK_ID_` varchar(64) COLLATE utf8_bin DEFAULT NULL,
  `PROC_INST_ID_` varchar(64) COLLATE utf8_bin DEFAULT NULL,
  `URL_` varchar(4000) COLLATE utf8_bin DEFAULT NULL,
  `CONTENT_ID_` varchar(64) COLLATE utf8_bin DEFAULT NULL,
  `TIME_` datetime DEFAULT NULL,
  PRIMARY KEY (`ID_`)
) ENGINE=InnoDB DEFAULT CHARSET=utf8 COLLATE=utf8_bin;

-- ----------------------------
-- Records of act_hi_attachment
-- ----------------------------

-- ----------------------------
-- Table structure for act_hi_comment
-- ----------------------------
DROP TABLE IF EXISTS `act_hi_comment`;
CREATE TABLE `act_hi_comment` (
  `ID_` varchar(64) COLLATE utf8_bin NOT NULL,
  `TYPE_` varchar(255) COLLATE utf8_bin DEFAULT NULL,
  `TIME_` datetime NOT NULL,
  `USER_ID_` varchar(255) COLLATE utf8_bin DEFAULT NULL,
  `TASK_ID_` varchar(64) COLLATE utf8_bin DEFAULT NULL,
  `PROC_INST_ID_` varchar(64) COLLATE utf8_bin DEFAULT NULL,
  `ACTION_` varchar(255) COLLATE utf8_bin DEFAULT NULL,
  `MESSAGE_` varchar(4000) COLLATE utf8_bin DEFAULT NULL,
  `FULL_MSG_` longblob,
  PRIMARY KEY (`ID_`)
) ENGINE=InnoDB DEFAULT CHARSET=utf8 COLLATE=utf8_bin;

-- ----------------------------
-- Records of act_hi_comment
-- ----------------------------

-- ----------------------------
-- Table structure for act_hi_detail
-- ----------------------------
DROP TABLE IF EXISTS `act_hi_detail`;
CREATE TABLE `act_hi_detail` (
  `ID_` varchar(64) COLLATE utf8_bin NOT NULL,
  `TYPE_` varchar(255) COLLATE utf8_bin NOT NULL,
  `PROC_INST_ID_` varchar(64) COLLATE utf8_bin DEFAULT NULL,
  `EXECUTION_ID_` varchar(64) COLLATE utf8_bin DEFAULT NULL,
  `TASK_ID_` varchar(64) COLLATE utf8_bin DEFAULT NULL,
  `ACT_INST_ID_` varchar(64) COLLATE utf8_bin DEFAULT NULL,
  `NAME_` varchar(255) COLLATE utf8_bin NOT NULL,
  `VAR_TYPE_` varchar(255) COLLATE utf8_bin DEFAULT NULL,
  `REV_` int(11) DEFAULT NULL,
  `TIME_` datetime NOT NULL,
  `BYTEARRAY_ID_` varchar(64) COLLATE utf8_bin DEFAULT NULL,
  `DOUBLE_` double DEFAULT NULL,
  `LONG_` bigint(20) DEFAULT NULL,
  `TEXT_` varchar(4000) COLLATE utf8_bin DEFAULT NULL,
  `TEXT2_` varchar(4000) COLLATE utf8_bin DEFAULT NULL,
  PRIMARY KEY (`ID_`),
  KEY `ACT_IDX_HI_DETAIL_PROC_INST` (`PROC_INST_ID_`) USING BTREE,
  KEY `ACT_IDX_HI_DETAIL_ACT_INST` (`ACT_INST_ID_`) USING BTREE,
  KEY `ACT_IDX_HI_DETAIL_TIME` (`TIME_`) USING BTREE,
  KEY `ACT_IDX_HI_DETAIL_NAME` (`NAME_`) USING BTREE,
  KEY `ACT_IDX_HI_DETAIL_TASK_ID` (`TASK_ID_`) USING BTREE
) ENGINE=InnoDB DEFAULT CHARSET=utf8 COLLATE=utf8_bin;

-- ----------------------------
-- Records of act_hi_detail
-- ----------------------------

-- ----------------------------
-- Table structure for act_hi_identitylink
-- ----------------------------
DROP TABLE IF EXISTS `act_hi_identitylink`;
CREATE TABLE `act_hi_identitylink` (
  `ID_` varchar(64) COLLATE utf8_bin NOT NULL DEFAULT '',
  `GROUP_ID_` varchar(255) COLLATE utf8_bin DEFAULT NULL,
  `TYPE_` varchar(255) COLLATE utf8_bin DEFAULT NULL,
  `USER_ID_` varchar(255) COLLATE utf8_bin DEFAULT NULL,
  `TASK_ID_` varchar(64) COLLATE utf8_bin DEFAULT NULL,
  `PROC_INST_ID_` varchar(64) COLLATE utf8_bin DEFAULT NULL,
  PRIMARY KEY (`ID_`),
  KEY `ACT_IDX_HI_IDENT_LNK_USER` (`USER_ID_`) USING BTREE,
  KEY `ACT_IDX_HI_IDENT_LNK_TASK` (`TASK_ID_`) USING BTREE,
  KEY `ACT_IDX_HI_IDENT_LNK_PROCINST` (`PROC_INST_ID_`) USING BTREE
) ENGINE=InnoDB DEFAULT CHARSET=utf8 COLLATE=utf8_bin;

-- ----------------------------
-- Records of act_hi_identitylink
-- ----------------------------

-- ----------------------------
-- Table structure for act_hi_procinst
-- ----------------------------
DROP TABLE IF EXISTS `act_hi_procinst`;
CREATE TABLE `act_hi_procinst` (
  `ID_` varchar(64) COLLATE utf8_bin NOT NULL,
  `PROC_INST_ID_` varchar(64) COLLATE utf8_bin NOT NULL,
  `BUSINESS_KEY_` varchar(255) COLLATE utf8_bin DEFAULT NULL,
  `PROC_DEF_ID_` varchar(64) COLLATE utf8_bin NOT NULL,
  `START_TIME_` datetime NOT NULL,
  `END_TIME_` datetime DEFAULT NULL,
  `DURATION_` bigint(20) DEFAULT NULL,
  `START_USER_ID_` varchar(255) COLLATE utf8_bin DEFAULT NULL,
  `START_ACT_ID_` varchar(255) COLLATE utf8_bin DEFAULT NULL,
  `END_ACT_ID_` varchar(255) COLLATE utf8_bin DEFAULT NULL,
  `SUPER_PROCESS_INSTANCE_ID_` varchar(64) COLLATE utf8_bin DEFAULT NULL,
  `DELETE_REASON_` varchar(4000) COLLATE utf8_bin DEFAULT NULL,
  `TENANT_ID_` varchar(255) COLLATE utf8_bin DEFAULT '',
  `NAME_` varchar(255) COLLATE utf8_bin DEFAULT NULL,
  PRIMARY KEY (`ID_`),
  UNIQUE KEY `PROC_INST_ID_` (`PROC_INST_ID_`) USING BTREE,
  KEY `ACT_IDX_HI_PRO_INST_END` (`END_TIME_`) USING BTREE,
  KEY `ACT_IDX_HI_PRO_I_BUSKEY` (`BUSINESS_KEY_`) USING BTREE
) ENGINE=InnoDB DEFAULT CHARSET=utf8 COLLATE=utf8_bin;

-- ----------------------------
-- Records of act_hi_procinst
-- ----------------------------

-- ----------------------------
-- Table structure for act_hi_taskinst
-- ----------------------------
DROP TABLE IF EXISTS `act_hi_taskinst`;
CREATE TABLE `act_hi_taskinst` (
  `ID_` varchar(64) COLLATE utf8_bin NOT NULL,
  `PROC_DEF_ID_` varchar(64) COLLATE utf8_bin DEFAULT NULL,
  `TASK_DEF_KEY_` varchar(255) COLLATE utf8_bin DEFAULT NULL,
  `PROC_INST_ID_` varchar(64) COLLATE utf8_bin DEFAULT NULL,
  `EXECUTION_ID_` varchar(64) COLLATE utf8_bin DEFAULT NULL,
  `NAME_` varchar(255) COLLATE utf8_bin DEFAULT NULL,
  `PARENT_TASK_ID_` varchar(64) COLLATE utf8_bin DEFAULT NULL,
  `DESCRIPTION_` varchar(4000) COLLATE utf8_bin DEFAULT NULL,
  `OWNER_` varchar(255) COLLATE utf8_bin DEFAULT NULL,
  `ASSIGNEE_` varchar(255) COLLATE utf8_bin DEFAULT NULL,
  `START_TIME_` datetime NOT NULL,
  `CLAIM_TIME_` datetime DEFAULT NULL,
  `END_TIME_` datetime DEFAULT NULL,
  `DURATION_` bigint(20) DEFAULT NULL,
  `DELETE_REASON_` varchar(4000) COLLATE utf8_bin DEFAULT NULL,
  `PRIORITY_` int(11) DEFAULT NULL,
  `DUE_DATE_` datetime DEFAULT NULL,
  `FORM_KEY_` varchar(255) COLLATE utf8_bin DEFAULT NULL,
  `CATEGORY_` varchar(255) COLLATE utf8_bin DEFAULT NULL,
  `TENANT_ID_` varchar(255) COLLATE utf8_bin DEFAULT '',
  PRIMARY KEY (`ID_`),
  KEY `ACT_IDX_HI_TASK_INST_PROCINST` (`PROC_INST_ID_`) USING BTREE
) ENGINE=InnoDB DEFAULT CHARSET=utf8 COLLATE=utf8_bin;

-- ----------------------------
-- Records of act_hi_taskinst
-- ----------------------------

-- ----------------------------
-- Table structure for act_hi_varinst
-- ----------------------------
DROP TABLE IF EXISTS `act_hi_varinst`;
CREATE TABLE `act_hi_varinst` (
  `ID_` varchar(64) COLLATE utf8_bin NOT NULL,
  `PROC_INST_ID_` varchar(64) COLLATE utf8_bin DEFAULT NULL,
  `EXECUTION_ID_` varchar(64) COLLATE utf8_bin DEFAULT NULL,
  `TASK_ID_` varchar(64) COLLATE utf8_bin DEFAULT NULL,
  `NAME_` varchar(255) COLLATE utf8_bin NOT NULL,
  `VAR_TYPE_` varchar(100) COLLATE utf8_bin DEFAULT NULL,
  `REV_` int(11) DEFAULT NULL,
  `BYTEARRAY_ID_` varchar(64) COLLATE utf8_bin DEFAULT NULL,
  `DOUBLE_` double DEFAULT NULL,
  `LONG_` bigint(20) DEFAULT NULL,
  `TEXT_` varchar(4000) COLLATE utf8_bin DEFAULT NULL,
  `TEXT2_` varchar(4000) COLLATE utf8_bin DEFAULT NULL,
  `CREATE_TIME_` datetime DEFAULT NULL,
  `LAST_UPDATED_TIME_` datetime DEFAULT NULL,
  PRIMARY KEY (`ID_`),
  KEY `ACT_IDX_HI_PROCVAR_PROC_INST` (`PROC_INST_ID_`) USING BTREE,
  KEY `ACT_IDX_HI_PROCVAR_NAME_TYPE` (`NAME_`,`VAR_TYPE_`) USING BTREE,
  KEY `ACT_IDX_HI_PROCVAR_TASK_ID` (`TASK_ID_`) USING BTREE
) ENGINE=InnoDB DEFAULT CHARSET=utf8 COLLATE=utf8_bin;

-- ----------------------------
-- Records of act_hi_varinst
-- ----------------------------

-- ----------------------------
-- Table structure for act_id_group
-- ----------------------------
DROP TABLE IF EXISTS `act_id_group`;
CREATE TABLE `act_id_group` (
  `ID_` varchar(64) COLLATE utf8_bin NOT NULL DEFAULT '',
  `REV_` int(11) DEFAULT NULL,
  `NAME_` varchar(255) COLLATE utf8_bin DEFAULT NULL,
  `TYPE_` varchar(255) COLLATE utf8_bin DEFAULT NULL,
  PRIMARY KEY (`ID_`)
) ENGINE=InnoDB DEFAULT CHARSET=utf8 COLLATE=utf8_bin;

-- ----------------------------
-- Records of act_id_group
-- ----------------------------

-- ----------------------------
-- Table structure for act_id_info
-- ----------------------------
DROP TABLE IF EXISTS `act_id_info`;
CREATE TABLE `act_id_info` (
  `ID_` varchar(64) COLLATE utf8_bin NOT NULL DEFAULT '',
  `REV_` int(11) DEFAULT NULL,
  `USER_ID_` varchar(64) COLLATE utf8_bin DEFAULT NULL,
  `TYPE_` varchar(64) COLLATE utf8_bin DEFAULT NULL,
  `KEY_` varchar(255) COLLATE utf8_bin DEFAULT NULL,
  `VALUE_` varchar(255) COLLATE utf8_bin DEFAULT NULL,
  `PASSWORD_` longblob,
  `PARENT_ID_` varchar(255) COLLATE utf8_bin DEFAULT NULL,
  PRIMARY KEY (`ID_`)
) ENGINE=InnoDB DEFAULT CHARSET=utf8 COLLATE=utf8_bin;

-- ----------------------------
-- Records of act_id_info
-- ----------------------------

-- ----------------------------
-- Table structure for act_id_membership
-- ----------------------------
DROP TABLE IF EXISTS `act_id_membership`;
CREATE TABLE `act_id_membership` (
  `USER_ID_` varchar(64) COLLATE utf8_bin NOT NULL DEFAULT '',
  `GROUP_ID_` varchar(64) COLLATE utf8_bin NOT NULL DEFAULT '',
  PRIMARY KEY (`USER_ID_`,`GROUP_ID_`),
  KEY `ACT_FK_MEMB_GROUP` (`GROUP_ID_`) USING BTREE
) ENGINE=InnoDB DEFAULT CHARSET=utf8 COLLATE=utf8_bin;

-- ----------------------------
-- Records of act_id_membership
-- ----------------------------

-- ----------------------------
-- Table structure for act_id_user
-- ----------------------------
DROP TABLE IF EXISTS `act_id_user`;
CREATE TABLE `act_id_user` (
  `ID_` varchar(64) COLLATE utf8_bin NOT NULL DEFAULT '',
  `REV_` int(11) DEFAULT NULL,
  `FIRST_` varchar(255) COLLATE utf8_bin DEFAULT NULL,
  `LAST_` varchar(255) COLLATE utf8_bin DEFAULT NULL,
  `EMAIL_` varchar(255) COLLATE utf8_bin DEFAULT NULL,
  `PWD_` varchar(255) COLLATE utf8_bin DEFAULT NULL,
  `PICTURE_ID_` varchar(64) COLLATE utf8_bin DEFAULT NULL,
  PRIMARY KEY (`ID_`)
) ENGINE=InnoDB DEFAULT CHARSET=utf8 COLLATE=utf8_bin;

-- ----------------------------
-- Records of act_id_user
-- ----------------------------

-- ----------------------------
-- Table structure for act_procdef_info
-- ----------------------------
DROP TABLE IF EXISTS `act_procdef_info`;
CREATE TABLE `act_procdef_info` (
  `ID_` varchar(64) COLLATE utf8_bin NOT NULL,
  `PROC_DEF_ID_` varchar(64) COLLATE utf8_bin NOT NULL,
  `REV_` int(11) DEFAULT NULL,
  `INFO_JSON_ID_` varchar(64) COLLATE utf8_bin DEFAULT NULL,
  PRIMARY KEY (`ID_`),
  UNIQUE KEY `ACT_UNIQ_INFO_PROCDEF` (`PROC_DEF_ID_`) USING BTREE,
  KEY `ACT_IDX_INFO_PROCDEF` (`PROC_DEF_ID_`) USING BTREE,
  KEY `ACT_FK_INFO_JSON_BA` (`INFO_JSON_ID_`) USING BTREE
) ENGINE=InnoDB DEFAULT CHARSET=utf8 COLLATE=utf8_bin;

-- ----------------------------
-- Records of act_procdef_info
-- ----------------------------

-- ----------------------------
-- Table structure for act_re_deployment
-- ----------------------------
DROP TABLE IF EXISTS `act_re_deployment`;
CREATE TABLE `act_re_deployment` (
  `ID_` varchar(64) COLLATE utf8_bin NOT NULL DEFAULT '',
  `NAME_` varchar(255) COLLATE utf8_bin DEFAULT NULL,
  `CATEGORY_` varchar(255) COLLATE utf8_bin DEFAULT NULL,
  `TENANT_ID_` varchar(255) COLLATE utf8_bin DEFAULT '',
  `DEPLOY_TIME_` timestamp NOT NULL DEFAULT CURRENT_TIMESTAMP ON UPDATE CURRENT_TIMESTAMP,
  PRIMARY KEY (`ID_`)
) ENGINE=InnoDB DEFAULT CHARSET=utf8 COLLATE=utf8_bin;

-- ----------------------------
-- Records of act_re_deployment
-- ----------------------------
INSERT INTO `act_re_deployment` VALUES ('12', '132', null, '', '2018-03-03 23:36:25');
INSERT INTO `act_re_deployment` VALUES ('2501', '132', null, '', '2018-03-09 08:07:04');
INSERT INTO `act_re_deployment` VALUES ('2505', '132', null, '', '2018-03-09 08:09:05');
INSERT INTO `act_re_deployment` VALUES ('4', '132', null, '', '2018-03-03 23:32:28');
INSERT INTO `act_re_deployment` VALUES ('8', null, null, '', '2018-03-03 23:34:12');

-- ----------------------------
-- Table structure for act_re_model
-- ----------------------------
DROP TABLE IF EXISTS `act_re_model`;
CREATE TABLE `act_re_model` (
  `ID_` varchar(64) COLLATE utf8_bin NOT NULL,
  `REV_` int(11) DEFAULT NULL,
  `NAME_` varchar(255) COLLATE utf8_bin DEFAULT NULL,
  `KEY_` varchar(255) COLLATE utf8_bin DEFAULT NULL,
  `CATEGORY_` varchar(255) COLLATE utf8_bin DEFAULT NULL,
  `CREATE_TIME_` timestamp NULL DEFAULT NULL,
  `LAST_UPDATE_TIME_` timestamp NULL DEFAULT NULL,
  `VERSION_` int(11) DEFAULT NULL,
  `META_INFO_` varchar(4000) COLLATE utf8_bin DEFAULT NULL,
  `DEPLOYMENT_ID_` varchar(64) COLLATE utf8_bin DEFAULT NULL,
  `EDITOR_SOURCE_VALUE_ID_` varchar(64) COLLATE utf8_bin DEFAULT NULL,
  `EDITOR_SOURCE_EXTRA_VALUE_ID_` varchar(64) COLLATE utf8_bin DEFAULT NULL,
  `TENANT_ID_` varchar(255) COLLATE utf8_bin DEFAULT '',
  PRIMARY KEY (`ID_`),
  KEY `ACT_FK_MODEL_SOURCE` (`EDITOR_SOURCE_VALUE_ID_`) USING BTREE,
  KEY `ACT_FK_MODEL_SOURCE_EXTRA` (`EDITOR_SOURCE_EXTRA_VALUE_ID_`) USING BTREE,
  KEY `ACT_FK_MODEL_DEPLOYMENT` (`DEPLOYMENT_ID_`) USING BTREE
) ENGINE=InnoDB DEFAULT CHARSET=utf8 COLLATE=utf8_bin;

-- ----------------------------
-- Records of act_re_model
-- ----------------------------
INSERT INTO `act_re_model` VALUES ('1', '4', '132', '1', null, '2018-03-03 23:31:00', '2018-03-03 23:32:19', '1', '{\"name\":\"132\",\"revision\":1,\"description\":\"1\"}', null, '2', '3', '');
INSERT INTO `act_re_model` VALUES ('10001', '2', 'fds', 'fds', null, '2018-03-09 09:45:31', '2018-03-09 09:45:32', '1', '{\"name\":\"fds\",\"revision\":1,\"description\":\"fds\"}', null, '10002', null, '');
INSERT INTO `act_re_model` VALUES ('10003', '2', 'fds', 'fds', null, '2018-03-09 09:46:17', '2018-03-09 09:46:18', '1', '{\"name\":\"fds\",\"revision\":1,\"description\":\"fds\"}', null, '10004', null, '');
INSERT INTO `act_re_model` VALUES ('12501', '2', 'rew', 'rew', null, '2018-03-09 09:58:31', '2018-03-09 09:58:31', '1', '{\"name\":\"rew\",\"revision\":1,\"description\":\"rew\"}', null, '12502', null, '');
INSERT INTO `act_re_model` VALUES ('15001', '4', 'rewr', 'ew', null, '2018-03-09 10:20:50', '2018-03-09 10:21:37', '1', '{\"name\":\"rewr\",\"revision\":1,\"description\":\"rewr\"}', null, '15002', '15003', '');
INSERT INTO `act_re_model` VALUES ('15004', '2', 'fds', 'fds', null, '2018-03-09 10:21:56', '2018-03-09 10:21:56', '1', '{\"name\":\"fds\",\"revision\":1,\"description\":\"fds\"}', null, '15005', null, '');
INSERT INTO `act_re_model` VALUES ('15006', '2', 'jeegem1', 'jegem1', null, '2018-03-09 10:38:33', '2018-03-09 10:38:33', '1', '{\"name\":\"jeegem1\",\"revision\":1,\"description\":\"jeegem1\"}', null, '15007', null, '');
INSERT INTO `act_re_model` VALUES ('15008', '4', 'test', 'test', null, '2018-03-09 10:44:50', '2018-03-09 11:05:08', '1', '{\"name\":\"test\",\"revision\":1,\"description\":\"test\"}', null, '15009', '15010', '');
INSERT INTO `act_re_model` VALUES ('15011', '2', null, '', null, '2018-03-09 11:21:09', '2018-03-09 11:21:09', '1', '{\"name\":null,\"revision\":1,\"description\":\"\"}', null, '15012', null, '');
INSERT INTO `act_re_model` VALUES ('2509', '2', '23', '32', null, '2018-03-09 08:10:07', '2018-03-09 08:10:07', '1', '{\"name\":\"23\",\"revision\":1,\"description\":\"313\"}', null, '2510', null, '');
INSERT INTO `act_re_model` VALUES ('2511', '2', 'tew', 'rew', null, '2018-03-09 08:10:22', '2018-03-09 08:10:22', '1', '{\"name\":\"tew\",\"revision\":1,\"description\":\"rew\"}', null, '2512', null, '');
INSERT INTO `act_re_model` VALUES ('5001', '2', 'JeeGem', 'jeegem', null, '2018-03-09 08:47:18', '2018-03-09 08:47:18', '1', '{\"name\":\"JeeGem\",\"revision\":1,\"description\":\"jeegem\"}', null, '5002', null, '');
INSERT INTO `act_re_model` VALUES ('5003', '2', 'jeegem', 'jeegem', null, '2018-03-09 08:48:06', '2018-03-09 08:48:06', '1', '{\"name\":\"jeegem\",\"revision\":1,\"description\":\"fd\"}', null, '5004', null, '');
INSERT INTO `act_re_model` VALUES ('5005', '2', 'teset', 'test', null, '2018-03-09 08:51:59', '2018-03-09 08:51:59', '1', '{\"name\":\"teset\",\"revision\":1,\"description\":\"fdsa\"}', null, '5006', null, '');
INSERT INTO `act_re_model` VALUES ('5007', '2', 'fds', 'fds', null, '2018-03-09 08:52:42', '2018-03-09 08:52:42', '1', '{\"name\":\"fds\",\"revision\":1,\"description\":\"fdsafds\"}', null, '5008', null, '');
INSERT INTO `act_re_model` VALUES ('5009', '2', 'ewq', 'ewq', null, '2018-03-09 08:59:41', '2018-03-09 08:59:41', '1', '{\"name\":\"ewq\",\"revision\":1,\"description\":\"ew\"}', null, '5010', null, '');
INSERT INTO `act_re_model` VALUES ('7501', '2', 'fds', 'fds', null, '2018-03-09 09:41:16', '2018-03-09 09:41:17', '1', '{\"name\":\"fds\",\"revision\":1,\"description\":\"fds\"}', null, '7502', null, '');

-- ----------------------------
-- Table structure for act_re_procdef
-- ----------------------------
DROP TABLE IF EXISTS `act_re_procdef`;
CREATE TABLE `act_re_procdef` (
  `ID_` varchar(64) COLLATE utf8_bin NOT NULL,
  `REV_` int(11) DEFAULT NULL,
  `CATEGORY_` varchar(255) COLLATE utf8_bin DEFAULT NULL,
  `NAME_` varchar(255) COLLATE utf8_bin DEFAULT NULL,
  `KEY_` varchar(255) COLLATE utf8_bin NOT NULL,
  `VERSION_` int(11) NOT NULL,
  `DEPLOYMENT_ID_` varchar(64) COLLATE utf8_bin DEFAULT NULL,
  `RESOURCE_NAME_` varchar(4000) COLLATE utf8_bin DEFAULT NULL,
  `DGRM_RESOURCE_NAME_` varchar(4000) COLLATE utf8_bin DEFAULT NULL,
  `DESCRIPTION_` varchar(4000) COLLATE utf8_bin DEFAULT NULL,
  `HAS_START_FORM_KEY_` tinyint(4) DEFAULT NULL,
  `HAS_GRAPHICAL_NOTATION_` tinyint(4) DEFAULT NULL,
  `SUSPENSION_STATE_` int(11) DEFAULT NULL,
  `TENANT_ID_` varchar(255) COLLATE utf8_bin DEFAULT '',
  PRIMARY KEY (`ID_`),
  UNIQUE KEY `ACT_UNIQ_PROCDEF` (`KEY_`,`VERSION_`,`TENANT_ID_`) USING BTREE
) ENGINE=InnoDB DEFAULT CHARSET=utf8 COLLATE=utf8_bin;

-- ----------------------------
-- Records of act_re_procdef
-- ----------------------------
INSERT INTO `act_re_procdef` VALUES ('未定义:1:7', '1', 'http://www.activiti.org/processdef', null, '未定义', '1', '4', '132.bpmn20.xml', '132.未定义.png', null, '0', '1', '1', '');
INSERT INTO `act_re_procdef` VALUES ('未定义:2:11', '1', 'http://www.activiti.org/processdef', null, '未定义', '2', '8', 'bpmn20.xml', '未定义.png', null, '0', '1', '1', '');
INSERT INTO `act_re_procdef` VALUES ('未定义:3:15', '1', 'http://www.activiti.org/processdef', null, '未定义', '3', '12', '132.bpmn20.xml', '132.未定义.png', null, '0', '1', '1', '');
INSERT INTO `act_re_procdef` VALUES ('未定义:4:2504', '1', 'http://www.activiti.org/processdef', null, '未定义', '4', '2501', '132.bpmn20.xml', '132.未定义.png', null, '0', '1', '1', '');
INSERT INTO `act_re_procdef` VALUES ('未定义:5:2508', '1', 'http://www.activiti.org/processdef', null, '未定义', '5', '2505', '132.bpmn20.xml', '132.未定义.png', null, '0', '1', '1', '');

-- ----------------------------
-- Table structure for act_ru_event_subscr
-- ----------------------------
DROP TABLE IF EXISTS `act_ru_event_subscr`;
CREATE TABLE `act_ru_event_subscr` (
  `ID_` varchar(64) COLLATE utf8_bin NOT NULL,
  `REV_` int(11) DEFAULT NULL,
  `EVENT_TYPE_` varchar(255) COLLATE utf8_bin NOT NULL,
  `EVENT_NAME_` varchar(255) COLLATE utf8_bin DEFAULT NULL,
  `EXECUTION_ID_` varchar(64) COLLATE utf8_bin DEFAULT NULL,
  `PROC_INST_ID_` varchar(64) COLLATE utf8_bin DEFAULT NULL,
  `ACTIVITY_ID_` varchar(64) COLLATE utf8_bin DEFAULT NULL,
  `CONFIGURATION_` varchar(255) COLLATE utf8_bin DEFAULT NULL,
  `CREATED_` timestamp NOT NULL DEFAULT CURRENT_TIMESTAMP,
  `PROC_DEF_ID_` varchar(64) COLLATE utf8_bin DEFAULT NULL,
  `TENANT_ID_` varchar(255) COLLATE utf8_bin DEFAULT '',
  PRIMARY KEY (`ID_`),
  KEY `ACT_IDX_EVENT_SUBSCR_CONFIG_` (`CONFIGURATION_`) USING BTREE,
  KEY `ACT_FK_EVENT_EXEC` (`EXECUTION_ID_`) USING BTREE
) ENGINE=InnoDB DEFAULT CHARSET=utf8 COLLATE=utf8_bin;

-- ----------------------------
-- Records of act_ru_event_subscr
-- ----------------------------

-- ----------------------------
-- Table structure for act_ru_execution
-- ----------------------------
DROP TABLE IF EXISTS `act_ru_execution`;
CREATE TABLE `act_ru_execution` (
  `ID_` varchar(64) COLLATE utf8_bin NOT NULL DEFAULT '',
  `REV_` int(11) DEFAULT NULL,
  `PROC_INST_ID_` varchar(64) COLLATE utf8_bin DEFAULT NULL,
  `BUSINESS_KEY_` varchar(255) COLLATE utf8_bin DEFAULT NULL,
  `PARENT_ID_` varchar(64) COLLATE utf8_bin DEFAULT NULL,
  `PROC_DEF_ID_` varchar(64) COLLATE utf8_bin DEFAULT NULL,
  `SUPER_EXEC_` varchar(64) COLLATE utf8_bin DEFAULT NULL,
  `ACT_ID_` varchar(255) COLLATE utf8_bin DEFAULT NULL,
  `IS_ACTIVE_` tinyint(4) DEFAULT NULL,
  `IS_CONCURRENT_` tinyint(4) DEFAULT NULL,
  `IS_SCOPE_` tinyint(4) DEFAULT NULL,
  `IS_EVENT_SCOPE_` tinyint(4) DEFAULT NULL,
  `SUSPENSION_STATE_` int(11) DEFAULT NULL,
  `CACHED_ENT_STATE_` int(11) DEFAULT NULL,
  `TENANT_ID_` varchar(255) COLLATE utf8_bin DEFAULT '',
  `NAME_` varchar(255) COLLATE utf8_bin DEFAULT NULL,
  `LOCK_TIME_` timestamp NULL DEFAULT NULL,
  PRIMARY KEY (`ID_`),
  KEY `ACT_IDX_EXEC_BUSKEY` (`BUSINESS_KEY_`) USING BTREE,
  KEY `ACT_FK_EXE_PROCINST` (`PROC_INST_ID_`) USING BTREE,
  KEY `ACT_FK_EXE_PARENT` (`PARENT_ID_`) USING BTREE,
  KEY `ACT_FK_EXE_SUPER` (`SUPER_EXEC_`) USING BTREE,
  KEY `ACT_FK_EXE_PROCDEF` (`PROC_DEF_ID_`) USING BTREE
) ENGINE=InnoDB DEFAULT CHARSET=utf8 COLLATE=utf8_bin;

-- ----------------------------
-- Records of act_ru_execution
-- ----------------------------

-- ----------------------------
-- Table structure for act_ru_identitylink
-- ----------------------------
DROP TABLE IF EXISTS `act_ru_identitylink`;
CREATE TABLE `act_ru_identitylink` (
  `ID_` varchar(64) COLLATE utf8_bin NOT NULL DEFAULT '',
  `REV_` int(11) DEFAULT NULL,
  `GROUP_ID_` varchar(255) COLLATE utf8_bin DEFAULT NULL,
  `TYPE_` varchar(255) COLLATE utf8_bin DEFAULT NULL,
  `USER_ID_` varchar(255) COLLATE utf8_bin DEFAULT NULL,
  `TASK_ID_` varchar(64) COLLATE utf8_bin DEFAULT NULL,
  `PROC_INST_ID_` varchar(64) COLLATE utf8_bin DEFAULT NULL,
  `PROC_DEF_ID_` varchar(64) COLLATE utf8_bin DEFAULT NULL,
  PRIMARY KEY (`ID_`),
  KEY `ACT_IDX_IDENT_LNK_USER` (`USER_ID_`) USING BTREE,
  KEY `ACT_IDX_IDENT_LNK_GROUP` (`GROUP_ID_`) USING BTREE,
  KEY `ACT_IDX_ATHRZ_PROCEDEF` (`PROC_DEF_ID_`) USING BTREE,
  KEY `ACT_FK_TSKASS_TASK` (`TASK_ID_`) USING BTREE,
  KEY `ACT_FK_IDL_PROCINST` (`PROC_INST_ID_`) USING BTREE
) ENGINE=InnoDB DEFAULT CHARSET=utf8 COLLATE=utf8_bin;

-- ----------------------------
-- Records of act_ru_identitylink
-- ----------------------------

-- ----------------------------
-- Table structure for act_ru_job
-- ----------------------------
DROP TABLE IF EXISTS `act_ru_job`;
CREATE TABLE `act_ru_job` (
  `ID_` varchar(64) COLLATE utf8_bin NOT NULL,
  `REV_` int(11) DEFAULT NULL,
  `TYPE_` varchar(255) COLLATE utf8_bin NOT NULL,
  `LOCK_EXP_TIME_` timestamp NULL DEFAULT NULL,
  `LOCK_OWNER_` varchar(255) COLLATE utf8_bin DEFAULT NULL,
  `EXCLUSIVE_` tinyint(1) DEFAULT NULL,
  `EXECUTION_ID_` varchar(64) COLLATE utf8_bin DEFAULT NULL,
  `PROCESS_INSTANCE_ID_` varchar(64) COLLATE utf8_bin DEFAULT NULL,
  `PROC_DEF_ID_` varchar(64) COLLATE utf8_bin DEFAULT NULL,
  `RETRIES_` int(11) DEFAULT NULL,
  `EXCEPTION_STACK_ID_` varchar(64) COLLATE utf8_bin DEFAULT NULL,
  `EXCEPTION_MSG_` varchar(4000) COLLATE utf8_bin DEFAULT NULL,
  `DUEDATE_` timestamp NULL DEFAULT NULL,
  `REPEAT_` varchar(255) COLLATE utf8_bin DEFAULT NULL,
  `HANDLER_TYPE_` varchar(255) COLLATE utf8_bin DEFAULT NULL,
  `HANDLER_CFG_` varchar(4000) COLLATE utf8_bin DEFAULT NULL,
  `TENANT_ID_` varchar(255) COLLATE utf8_bin DEFAULT '',
  PRIMARY KEY (`ID_`),
  KEY `ACT_FK_JOB_EXCEPTION` (`EXCEPTION_STACK_ID_`) USING BTREE
) ENGINE=InnoDB DEFAULT CHARSET=utf8 COLLATE=utf8_bin;

-- ----------------------------
-- Records of act_ru_job
-- ----------------------------

-- ----------------------------
-- Table structure for act_ru_task
-- ----------------------------
DROP TABLE IF EXISTS `act_ru_task`;
CREATE TABLE `act_ru_task` (
  `ID_` varchar(64) COLLATE utf8_bin NOT NULL DEFAULT '',
  `REV_` int(11) DEFAULT NULL,
  `EXECUTION_ID_` varchar(64) COLLATE utf8_bin DEFAULT NULL,
  `PROC_INST_ID_` varchar(64) COLLATE utf8_bin DEFAULT NULL,
  `PROC_DEF_ID_` varchar(64) COLLATE utf8_bin DEFAULT NULL,
  `NAME_` varchar(255) COLLATE utf8_bin DEFAULT NULL,
  `PARENT_TASK_ID_` varchar(64) COLLATE utf8_bin DEFAULT NULL,
  `DESCRIPTION_` varchar(4000) COLLATE utf8_bin DEFAULT NULL,
  `TASK_DEF_KEY_` varchar(255) COLLATE utf8_bin DEFAULT NULL,
  `OWNER_` varchar(255) COLLATE utf8_bin DEFAULT NULL,
  `ASSIGNEE_` varchar(255) COLLATE utf8_bin DEFAULT NULL,
  `DELEGATION_` varchar(64) COLLATE utf8_bin DEFAULT NULL,
  `PRIORITY_` int(11) DEFAULT NULL,
  `CREATE_TIME_` timestamp NOT NULL DEFAULT CURRENT_TIMESTAMP ON UPDATE CURRENT_TIMESTAMP,
  `DUE_DATE_` datetime DEFAULT NULL,
  `CATEGORY_` varchar(255) COLLATE utf8_bin DEFAULT NULL,
  `SUSPENSION_STATE_` int(11) DEFAULT NULL,
  `TENANT_ID_` varchar(255) COLLATE utf8_bin DEFAULT '',
  `FORM_KEY_` varchar(255) COLLATE utf8_bin DEFAULT NULL,
  PRIMARY KEY (`ID_`),
  KEY `ACT_IDX_TASK_CREATE` (`CREATE_TIME_`) USING BTREE,
  KEY `ACT_FK_TASK_EXE` (`EXECUTION_ID_`) USING BTREE,
  KEY `ACT_FK_TASK_PROCINST` (`PROC_INST_ID_`) USING BTREE,
  KEY `ACT_FK_TASK_PROCDEF` (`PROC_DEF_ID_`) USING BTREE
) ENGINE=InnoDB DEFAULT CHARSET=utf8 COLLATE=utf8_bin;

-- ----------------------------
-- Records of act_ru_task
-- ----------------------------

-- ----------------------------
-- Table structure for act_ru_variable
-- ----------------------------
DROP TABLE IF EXISTS `act_ru_variable`;
CREATE TABLE `act_ru_variable` (
  `ID_` varchar(64) COLLATE utf8_bin NOT NULL,
  `REV_` int(11) DEFAULT NULL,
  `TYPE_` varchar(255) COLLATE utf8_bin NOT NULL,
  `NAME_` varchar(255) COLLATE utf8_bin NOT NULL,
  `EXECUTION_ID_` varchar(64) COLLATE utf8_bin DEFAULT NULL,
  `PROC_INST_ID_` varchar(64) COLLATE utf8_bin DEFAULT NULL,
  `TASK_ID_` varchar(64) COLLATE utf8_bin DEFAULT NULL,
  `BYTEARRAY_ID_` varchar(64) COLLATE utf8_bin DEFAULT NULL,
  `DOUBLE_` double DEFAULT NULL,
  `LONG_` bigint(20) DEFAULT NULL,
  `TEXT_` varchar(4000) COLLATE utf8_bin DEFAULT NULL,
  `TEXT2_` varchar(4000) COLLATE utf8_bin DEFAULT NULL,
  PRIMARY KEY (`ID_`),
  KEY `ACT_IDX_VARIABLE_TASK_ID` (`TASK_ID_`) USING BTREE,
  KEY `ACT_FK_VAR_EXE` (`EXECUTION_ID_`) USING BTREE,
  KEY `ACT_FK_VAR_PROCINST` (`PROC_INST_ID_`) USING BTREE,
  KEY `ACT_FK_VAR_BYTEARRAY` (`BYTEARRAY_ID_`) USING BTREE
) ENGINE=InnoDB DEFAULT CHARSET=utf8 COLLATE=utf8_bin;

-- ----------------------------
-- Records of act_ru_variable
-- ----------------------------

-- ----------------------------
-- Table structure for jeegem_base_account
-- ----------------------------
DROP TABLE IF EXISTS `jeegem_base_account`;
CREATE TABLE `jeegem_base_account` (
  `id` varchar(32) CHARACTER SET utf8 NOT NULL COMMENT '用户Id',
  `loginName` varchar(32) CHARACTER SET utf8 NOT NULL COMMENT '用户登录名',
  `password` varchar(32) CHARACTER SET utf8 NOT NULL COMMENT '密码',
  `salt` varchar(32) NOT NULL,
  `roleId` varchar(32) NOT NULL DEFAULT '0' COMMENT '用户类型(对应jeegem_base_role的Id)',
  `picUrl` varchar(255) DEFAULT NULL,
  `name` varchar(64) CHARACTER SET utf8 DEFAULT '' COMMENT '用户名字',
  `email` varchar(255) CHARACTER SET utf8 DEFAULT NULL COMMENT '电子邮箱',
  `skin` varchar(64) DEFAULT '',
  `isValid` int(2) NOT NULL DEFAULT '0' COMMENT '是否有效(1:有效，0:无效)',
  `createTime` datetime DEFAULT NULL COMMENT '创建时间',
  `updateTime` datetime DEFAULT NULL,
  `description` varchar(100) CHARACTER SET utf8 DEFAULT '' COMMENT '描述',
  PRIMARY KEY (`id`)
) ENGINE=InnoDB DEFAULT CHARSET=latin1;

-- ----------------------------
-- Records of jeegem_base_account
-- ----------------------------
INSERT INTO `jeegem_base_account` VALUES ('097756af9fb440d795ec9c300b3d56f1', 'test', '8eVbNrByWysQP6y+wXHdkg==', '38d61ac8eac545dde7c3736e86a3cec2', '3', '/static/images/system/user/hpic1.jpg', '开发员工', '', 'skin-2', '1', '2015-12-13 23:33:45', '2016-01-26 21:46:11', '');
INSERT INTO `jeegem_base_account` VALUES ('0f2de395371c4090b9707c99edcf7a77', 'test333', 'QafyDcbEIlNUHln6ykJ7kw==', '86e0032373f8e049f18f38538767ccf8', '3', null, '测试333', '', 'skin-0', '1', '2016-01-23 00:58:53', null, '649y1a');
INSERT INTO `jeegem_base_account` VALUES ('1', 'sa', 'D5r6e+Ss9h/qEyRYjicXMA==', '139b27063725fab02cfaf3d3156af9df', '4', '/static/images/system/user/hpic4.jpg', 'JeeGem', 'xx@163.com', 'skin-2', '1', '2015-10-13 11:23:32', '2018-03-09 08:05:37', '');
INSERT INTO `jeegem_base_account` VALUES ('1ba24934e4e34e529f94c3454d7567f6', 'test999', 'AyTCmd+sUjLLj9wF/W+Awg==', '329eed36d3328ef47ef30c105c64aec3', '1', null, 'test999', '', 'skin-0', '1', '2016-01-23 13:47:41', null, 'P9pY88');
INSERT INTO `jeegem_base_account` VALUES ('2', 'admin', 'M4t/qU4O3ICaaEOsjmDmTg==', '43270453df7ca64d3303ec4d835b15b8', '4', null, 'Gem员工', 'xx@163.com', 'skin-0', '1', null, '2016-02-11 23:12:59', '');
INSERT INTO `jeegem_base_account` VALUES ('2d07769111564efc8aca9513ea41d186', 'test444', 'BCchylw4pki06w+YtusObA==', '8a6acd918ec1ca22b5454ca6580f2826', '1', null, 'test444', '', 'skin-0', '1', '2016-01-23 01:00:07', null, 'Sl81bf');
INSERT INTO `jeegem_base_account` VALUES ('2ddb4c0be3ea4ce2a886af6367c0dfc4', 'test345', 'uztM+JwID0DlkUzoonRWFw==', '3365876813ac02e06e73f7a11089ab62', '1', null, '测试345', '', 'skin-0', '1', '2016-01-23 00:58:32', null, 'kf3C58');
INSERT INTO `jeegem_base_account` VALUES ('55bab558162240abb78fa361a6cd4cc8', 'test555', '3+I9smJD854BQi0LVjGhGQ==', 'f517b3f269b13f91ee67f056b35c1ba6', '1', null, 'test444', '', 'skin-0', '1', '2016-01-23 01:00:16', null, '70Ob58');
INSERT INTO `jeegem_base_account` VALUES ('7bfbb0ef40ff489ca97ae0db016bb87d', 'test666', 'MLxRk2zkHORCtiYIe4Bufg==', '6e921f3dc33c9dbc25bbb830dd1a5761', '1', null, 'test666', '', 'skin-0', '1', '2016-01-23 01:00:25', null, '293L3A');
INSERT INTO `jeegem_base_account` VALUES ('d31cbf0f1a8944adb4dce7fbd830d625', 'test777', 'xRym0avVKAX558tbKQJ4eQ==', '2a976e519fc1472d04ab4549b302a756', '1', null, 'test777', '', 'skin-0', '1', '2016-01-23 01:00:39', null, '4qM50y');

-- ----------------------------
-- Table structure for jeegem_base_account_position
-- ----------------------------
DROP TABLE IF EXISTS `jeegem_base_account_position`;
CREATE TABLE `jeegem_base_account_position` (
  `accountId` varchar(32) NOT NULL,
  `posId` varchar(32) NOT NULL,
  PRIMARY KEY (`accountId`,`posId`)
) ENGINE=InnoDB DEFAULT CHARSET=utf8;

-- ----------------------------
-- Records of jeegem_base_account_position
-- ----------------------------
INSERT INTO `jeegem_base_account_position` VALUES ('097756af9fb440d795ec9c300b3d56f1', 'c63d54663fcc4e27a10e1e6f17772df8');
INSERT INTO `jeegem_base_account_position` VALUES ('1', 'c63d54663fcc4e27a10e1e6f17772df8');
INSERT INTO `jeegem_base_account_position` VALUES ('1', 'f6db550f89824d6bb0009fc04af3f25b');
INSERT INTO `jeegem_base_account_position` VALUES ('2', 'c63d54663fcc4e27a10e1e6f17772df8');
INSERT INTO `jeegem_base_account_position` VALUES ('2', 'f6db550f89824d6bb0009fc04af3f25b');

-- ----------------------------
-- Table structure for jeegem_base_login_log
-- ----------------------------
DROP TABLE IF EXISTS `jeegem_base_login_log`;
CREATE TABLE `jeegem_base_login_log` (
  `id` varchar(32) DEFAULT NULL,
  `accountId` varchar(32) DEFAULT NULL,
  `loginTime` datetime DEFAULT NULL,
  `loginIP` varchar(40) DEFAULT NULL
) ENGINE=InnoDB DEFAULT CHARSET=utf8;

-- ----------------------------
-- Records of jeegem_base_login_log
-- ----------------------------
INSERT INTO `jeegem_base_login_log` VALUES ('cf328e29682d4e92be643a9a434e262d', '1', '2018-02-24 18:03:52', '127.0.0.1');
INSERT INTO `jeegem_base_login_log` VALUES ('548e7f93eb8546209c74664ac0d4b5cc', '1', '2018-02-24 19:13:42', '127.0.0.1');
INSERT INTO `jeegem_base_login_log` VALUES ('a7c49f8f585c49a5b72a44c754ca1b2a', '1', '2018-02-24 22:40:35', '127.0.0.1');
INSERT INTO `jeegem_base_login_log` VALUES ('dbdc04dbbdb64c8585862ae4e8a631a8', '1', '2018-03-03 22:03:10', '127.0.0.1');
INSERT INTO `jeegem_base_login_log` VALUES ('e66941329bf846f7a88b8901457428ea', '1', '2018-03-03 22:07:12', '127.0.0.1');
INSERT INTO `jeegem_base_login_log` VALUES ('0379398afe1b413aa8494f961a9f02f4', '1', '2018-03-03 22:17:33', '127.0.0.1');
INSERT INTO `jeegem_base_login_log` VALUES ('9d2c3a80f160488ca22d70ca1ca1a62f', '1', '2018-03-03 22:38:34', '127.0.0.1');
INSERT INTO `jeegem_base_login_log` VALUES ('528050240f0640798472ce62d60bb684', '1', '2018-03-03 23:54:31', '127.0.0.1');
INSERT INTO `jeegem_base_login_log` VALUES ('09f07effdd8c4348915b2cb2ccfd1e68', '1', '2018-03-07 06:19:49', '127.0.0.1');
INSERT INTO `jeegem_base_login_log` VALUES ('c610c656a2114cb0996cb47b0cf9bbcd', '1', '2018-03-07 08:09:32', '127.0.0.1');
INSERT INTO `jeegem_base_login_log` VALUES ('677022c192374d0c899d2c7ed56e4f6f', '1', '2018-03-07 09:24:28', '127.0.0.1');
INSERT INTO `jeegem_base_login_log` VALUES ('7e2334c797b94a83b0687b99ef0b1462', '1', '2018-03-08 00:34:45', '127.0.0.1');
INSERT INTO `jeegem_base_login_log` VALUES ('2a23a66c4f324919bb7349c682ab0ac3', '1', '2018-03-08 15:39:56', '0:0:0:0:0:0:0:1');
INSERT INTO `jeegem_base_login_log` VALUES ('ac7c91d8b7cb4b1fb5533d37aa8425ad', '1', '2018-03-08 23:22:47', '127.0.0.1');
INSERT INTO `jeegem_base_login_log` VALUES ('b380bbd9aca7469abbf11c1c9ff9d1e2', '1', '2018-03-09 04:47:42', '127.0.0.1');
INSERT INTO `jeegem_base_login_log` VALUES ('0e040d5f80fc4425a304b14ab33c2d60', '1', '2018-03-09 06:22:07', '127.0.0.1');
INSERT INTO `jeegem_base_login_log` VALUES ('3252ec81c5454fcf838d66a99257c636', '1', '2018-03-09 07:10:42', '127.0.0.1');
INSERT INTO `jeegem_base_login_log` VALUES ('4f029ca35e534d4cbb2af312e084bf52', '1', '2018-03-09 07:14:16', '0:0:0:0:0:0:0:1');
INSERT INTO `jeegem_base_login_log` VALUES ('cad736c80eb5466182c9ad7293e95bf5', '1', '2018-03-09 07:16:30', '0:0:0:0:0:0:0:1');
INSERT INTO `jeegem_base_login_log` VALUES ('52828eaa329b4166acdf56638a6f313b', '1', '2018-03-09 07:18:29', '127.0.0.1');
INSERT INTO `jeegem_base_login_log` VALUES ('223f761e031f437eaebbf5bbbab56cc0', '1', '2018-03-09 07:18:49', '0:0:0:0:0:0:0:1');
INSERT INTO `jeegem_base_login_log` VALUES ('ec2658db945e42b18d5bc47148d3b780', '1', '2018-03-09 07:24:18', '127.0.0.1');
INSERT INTO `jeegem_base_login_log` VALUES ('562f37b5c7844117a5b78561e6279c63', '1', '2018-03-09 07:24:53', '0:0:0:0:0:0:0:1');
INSERT INTO `jeegem_base_login_log` VALUES ('5e76c734f55344b48df1fb0443e08c09', '1', '2018-03-09 07:27:33', '127.0.0.1');
INSERT INTO `jeegem_base_login_log` VALUES ('51718b257a1e403ba4feca78f2cdae81', '1', '2018-03-09 07:31:07', '127.0.0.1');
INSERT INTO `jeegem_base_login_log` VALUES ('f4cefd8b7e4d4aafab138ee1b8c757f8', '1', '2018-03-09 07:58:17', '127.0.0.1');
INSERT INTO `jeegem_base_login_log` VALUES ('2d8b0aa509db4365981fb0769eda42eb', '1', '2018-03-09 08:01:37', '127.0.0.1');
INSERT INTO `jeegem_base_login_log` VALUES ('3082d51b1e24420e8249f1a4ff70f1c0', '1', '2018-03-09 08:05:07', '127.0.0.1');
INSERT INTO `jeegem_base_login_log` VALUES ('763792d75f4e4a7392355ebf82cdb572', '1', '2018-03-09 08:47:00', '127.0.0.1');
INSERT INTO `jeegem_base_login_log` VALUES ('f33f0abb2aa147edb4bc2fd659426979', '1', '2018-03-09 08:47:36', '127.0.0.1');
INSERT INTO `jeegem_base_login_log` VALUES ('0ef2222ddecb4cd3b7f6b285fe0cc069', '1', '2018-03-09 08:52:32', '0:0:0:0:0:0:0:1');
INSERT INTO `jeegem_base_login_log` VALUES ('c824eae26e9e4225b90cc0c6b3cd689e', '1', '2018-03-09 09:41:08', '127.0.0.1');
INSERT INTO `jeegem_base_login_log` VALUES ('e6f60e4f480e47dd96b4125574dd3e9a', '1', '2018-03-09 09:45:22', '127.0.0.1');
INSERT INTO `jeegem_base_login_log` VALUES ('9f1329eb446a4fa3bd0291715143554a', '1', '2018-03-09 09:58:16', '127.0.0.1');
INSERT INTO `jeegem_base_login_log` VALUES ('1f2c7a1549a34100bf31131ddccdd48f', '1', '2018-03-09 10:20:38', '127.0.0.1');
INSERT INTO `jeegem_base_login_log` VALUES ('149c5c220a4649719fc8faa1d9a20958', '1', '2018-03-09 11:20:13', '192.168.0.101');
INSERT INTO `jeegem_base_login_log` VALUES ('8cc70e93d72c4459bac450e843aa7012', '1', '2018-03-09 11:31:18', '192.168.0.101');
INSERT INTO `jeegem_base_login_log` VALUES ('ec0f08db486e49da8ca3e47ca4f35135', '1', '2018-03-09 11:34:26', '192.168.0.101');

-- ----------------------------
-- Table structure for jeegem_base_org
-- ----------------------------
DROP TABLE IF EXISTS `jeegem_base_org`;
CREATE TABLE `jeegem_base_org` (
  `id` varchar(32) NOT NULL,
  `pId` varchar(32) DEFAULT NULL,
  `name` varchar(50) DEFAULT NULL,
  `isValid` int(2) DEFAULT NULL,
  `description` varchar(50) DEFAULT NULL,
  `createTime` datetime DEFAULT NULL,
  `updateTime` datetime DEFAULT NULL,
  PRIMARY KEY (`id`)
) ENGINE=InnoDB DEFAULT CHARSET=utf8;

-- ----------------------------
-- Records of jeegem_base_org
-- ----------------------------
INSERT INTO `jeegem_base_org` VALUES ('1', '0', 'Gem网络', '1', null, '2015-12-09 23:01:36', null);
INSERT INTO `jeegem_base_org` VALUES ('10', '0', '合作伙伴', '1', '', '2015-12-09 23:22:29', '2015-12-10 14:44:48');
INSERT INTO `jeegem_base_org` VALUES ('11', '10', 'E酷快递', '1', null, '2015-12-09 23:24:45', null);
INSERT INTO `jeegem_base_org` VALUES ('12', '10', '嗨淘商城', '1', null, '2015-12-09 23:25:29', null);
INSERT INTO `jeegem_base_org` VALUES ('13', '10', '第一金融', '1', null, '2015-12-09 23:27:41', null);
INSERT INTO `jeegem_base_org` VALUES ('2', '1', '设计部', '1', null, '2015-12-09 23:22:09', null);
INSERT INTO `jeegem_base_org` VALUES ('3', '1', '商务部', '1', null, '2015-12-09 23:26:36', null);
INSERT INTO `jeegem_base_org` VALUES ('4', '1', '开发部', '1', null, '2015-12-09 23:20:59', null);
INSERT INTO `jeegem_base_org` VALUES ('8f080b6180564157aa173cc26e44d1dd', '1', '人事部', '1', '', '2016-02-27 19:09:49', null);

-- ----------------------------
-- Table structure for jeegem_base_org_resources
-- ----------------------------
DROP TABLE IF EXISTS `jeegem_base_org_resources`;
CREATE TABLE `jeegem_base_org_resources` (
  `org_Id` varchar(32) DEFAULT NULL,
  `resources_id` varchar(32) DEFAULT NULL
) ENGINE=InnoDB DEFAULT CHARSET=utf8;

-- ----------------------------
-- Records of jeegem_base_org_resources
-- ----------------------------
INSERT INTO `jeegem_base_org_resources` VALUES ('10', '1');
INSERT INTO `jeegem_base_org_resources` VALUES ('10', '2');
INSERT INTO `jeegem_base_org_resources` VALUES ('10', 'ae8fea67b8434987b718c51fe83bb45d');
INSERT INTO `jeegem_base_org_resources` VALUES ('10', '1e2cd5e710224cf0ba09bbe5d4ee0009');
INSERT INTO `jeegem_base_org_resources` VALUES ('10', 'fa04b6fe03944f2a9c040dbc9071af9b');
INSERT INTO `jeegem_base_org_resources` VALUES ('10', '83984d22f9da4991833f506695307b6f');
INSERT INTO `jeegem_base_org_resources` VALUES ('10', '89ff6bdf54ca4501a264adba8eb0ee39');
INSERT INTO `jeegem_base_org_resources` VALUES ('10', '15a7d1cec70c47bdbfd41c7f9c694481');
INSERT INTO `jeegem_base_org_resources` VALUES ('10', '3');
INSERT INTO `jeegem_base_org_resources` VALUES ('10', '4c97ca25b7e940948b3d403c3b091c81');
INSERT INTO `jeegem_base_org_resources` VALUES ('10', 'd22f22f0bc9a4ad2a6464cca6497a7b4');
INSERT INTO `jeegem_base_org_resources` VALUES ('10', '51aa6b0b037340b9ae88d22d2a354acf');
INSERT INTO `jeegem_base_org_resources` VALUES ('10', '4ee50d1722a34edeb6c15bdbf29e556b');
INSERT INTO `jeegem_base_org_resources` VALUES ('10', '42a2938acb5e4a26b5ec2cc6089b7c2e');
INSERT INTO `jeegem_base_org_resources` VALUES ('10', '5ba75d14f5b74572bd5ff35d12c58060');
INSERT INTO `jeegem_base_org_resources` VALUES ('10', '4');
INSERT INTO `jeegem_base_org_resources` VALUES ('10', '41');
INSERT INTO `jeegem_base_org_resources` VALUES ('10', '161848b9e16e410e9d3fac6f9c91cad5');
INSERT INTO `jeegem_base_org_resources` VALUES ('10', '28d4a82889c341bdaceab323b9549245');
INSERT INTO `jeegem_base_org_resources` VALUES ('10', '3f184c74379c4b668030ba9e55c9caa3');
INSERT INTO `jeegem_base_org_resources` VALUES ('10', '6d44f1553c424e5c81bd3ed9a4e162f3');
INSERT INTO `jeegem_base_org_resources` VALUES ('10', '08693c30017e4e45acff89d300067269');
INSERT INTO `jeegem_base_org_resources` VALUES ('10', '79a76d451f3948f4963b97b6d5bbbf3c');
INSERT INTO `jeegem_base_org_resources` VALUES ('10', '13');
INSERT INTO `jeegem_base_org_resources` VALUES ('10', '10');
INSERT INTO `jeegem_base_org_resources` VALUES ('10', '9575841c8b6a4c58b10e97d82320fd02');
INSERT INTO `jeegem_base_org_resources` VALUES ('10', 'dde1c043e77d48b4ac2f15806a0aec14');
INSERT INTO `jeegem_base_org_resources` VALUES ('10', 'cd7ef89bf12f4ceb98861cf2bcbc96b1');
INSERT INTO `jeegem_base_org_resources` VALUES ('10', '78b1bf1c0723433099c458e75a8c6901');
INSERT INTO `jeegem_base_org_resources` VALUES ('10', '75288771d60d4510affe8cb97f42897f');
INSERT INTO `jeegem_base_org_resources` VALUES ('10', '14');
INSERT INTO `jeegem_base_org_resources` VALUES ('10', '34507436438c4c7eb9803fa160c2af3c');
INSERT INTO `jeegem_base_org_resources` VALUES ('10', 'dbb1d5db4d7b419db1d221b102a7ad51');
INSERT INTO `jeegem_base_org_resources` VALUES ('10', 'e9480dd6590a4e14a443ee8f76873fd3');
INSERT INTO `jeegem_base_org_resources` VALUES ('10', '6ea62cf0820248a6a2780a885b82a99d');
INSERT INTO `jeegem_base_org_resources` VALUES ('10', '21feb456e503484280232730687149f2');
INSERT INTO `jeegem_base_org_resources` VALUES ('11', '1');
INSERT INTO `jeegem_base_org_resources` VALUES ('11', '2');
INSERT INTO `jeegem_base_org_resources` VALUES ('11', 'ae8fea67b8434987b718c51fe83bb45d');
INSERT INTO `jeegem_base_org_resources` VALUES ('11', '1e2cd5e710224cf0ba09bbe5d4ee0009');
INSERT INTO `jeegem_base_org_resources` VALUES ('11', 'fa04b6fe03944f2a9c040dbc9071af9b');
INSERT INTO `jeegem_base_org_resources` VALUES ('11', '83984d22f9da4991833f506695307b6f');
INSERT INTO `jeegem_base_org_resources` VALUES ('11', '89ff6bdf54ca4501a264adba8eb0ee39');
INSERT INTO `jeegem_base_org_resources` VALUES ('11', '15a7d1cec70c47bdbfd41c7f9c694481');
INSERT INTO `jeegem_base_org_resources` VALUES ('11', '3');
INSERT INTO `jeegem_base_org_resources` VALUES ('11', '4c97ca25b7e940948b3d403c3b091c81');
INSERT INTO `jeegem_base_org_resources` VALUES ('11', 'd22f22f0bc9a4ad2a6464cca6497a7b4');
INSERT INTO `jeegem_base_org_resources` VALUES ('11', '51aa6b0b037340b9ae88d22d2a354acf');
INSERT INTO `jeegem_base_org_resources` VALUES ('11', '4ee50d1722a34edeb6c15bdbf29e556b');
INSERT INTO `jeegem_base_org_resources` VALUES ('11', '42a2938acb5e4a26b5ec2cc6089b7c2e');
INSERT INTO `jeegem_base_org_resources` VALUES ('11', '5ba75d14f5b74572bd5ff35d12c58060');
INSERT INTO `jeegem_base_org_resources` VALUES ('11', '4');
INSERT INTO `jeegem_base_org_resources` VALUES ('11', '41');
INSERT INTO `jeegem_base_org_resources` VALUES ('11', '161848b9e16e410e9d3fac6f9c91cad5');
INSERT INTO `jeegem_base_org_resources` VALUES ('11', '28d4a82889c341bdaceab323b9549245');
INSERT INTO `jeegem_base_org_resources` VALUES ('11', '3f184c74379c4b668030ba9e55c9caa3');
INSERT INTO `jeegem_base_org_resources` VALUES ('11', '6d44f1553c424e5c81bd3ed9a4e162f3');
INSERT INTO `jeegem_base_org_resources` VALUES ('11', '08693c30017e4e45acff89d300067269');
INSERT INTO `jeegem_base_org_resources` VALUES ('11', '79a76d451f3948f4963b97b6d5bbbf3c');
INSERT INTO `jeegem_base_org_resources` VALUES ('2', '08693c30017e4e45acff89d300067269');
INSERT INTO `jeegem_base_org_resources` VALUES ('2', '79a76d451f3948f4963b97b6d5bbbf3c');
INSERT INTO `jeegem_base_org_resources` VALUES ('2', '25a4bc9c184a4d6c904ce7a3ccb26aae');
INSERT INTO `jeegem_base_org_resources` VALUES ('2', 'b7d11fca02b04742814eb664454d7473');
INSERT INTO `jeegem_base_org_resources` VALUES ('2', '51424721ec1c4574b2f2a7bc1833c17f');
INSERT INTO `jeegem_base_org_resources` VALUES ('2', '7b30d8d43df347ada558df820bbec28b');
INSERT INTO `jeegem_base_org_resources` VALUES ('2', '5d1b45e9b6a84bccb212758ce8f2e906');
INSERT INTO `jeegem_base_org_resources` VALUES ('2', '273e05eb764f48c18f832520e7ce141e');
INSERT INTO `jeegem_base_org_resources` VALUES ('2', '0576a0a5825a4c1eafb0fb88369e77f6');
INSERT INTO `jeegem_base_org_resources` VALUES ('2', '40a146e3febf4cafb930a077f1f048d3');
INSERT INTO `jeegem_base_org_resources` VALUES ('1', '11');
INSERT INTO `jeegem_base_org_resources` VALUES ('1', '1');
INSERT INTO `jeegem_base_org_resources` VALUES ('1', '2');
INSERT INTO `jeegem_base_org_resources` VALUES ('1', 'ae8fea67b8434987b718c51fe83bb45d');
INSERT INTO `jeegem_base_org_resources` VALUES ('1', '1e2cd5e710224cf0ba09bbe5d4ee0009');
INSERT INTO `jeegem_base_org_resources` VALUES ('1', 'fa04b6fe03944f2a9c040dbc9071af9b');
INSERT INTO `jeegem_base_org_resources` VALUES ('1', '83984d22f9da4991833f506695307b6f');
INSERT INTO `jeegem_base_org_resources` VALUES ('1', '89ff6bdf54ca4501a264adba8eb0ee39');
INSERT INTO `jeegem_base_org_resources` VALUES ('1', '15a7d1cec70c47bdbfd41c7f9c694481');
INSERT INTO `jeegem_base_org_resources` VALUES ('1', '3');
INSERT INTO `jeegem_base_org_resources` VALUES ('1', '4c97ca25b7e940948b3d403c3b091c81');
INSERT INTO `jeegem_base_org_resources` VALUES ('1', 'd22f22f0bc9a4ad2a6464cca6497a7b4');
INSERT INTO `jeegem_base_org_resources` VALUES ('1', '51aa6b0b037340b9ae88d22d2a354acf');
INSERT INTO `jeegem_base_org_resources` VALUES ('1', '4ee50d1722a34edeb6c15bdbf29e556b');
INSERT INTO `jeegem_base_org_resources` VALUES ('1', '42a2938acb5e4a26b5ec2cc6089b7c2e');
INSERT INTO `jeegem_base_org_resources` VALUES ('1', '5ba75d14f5b74572bd5ff35d12c58060');
INSERT INTO `jeegem_base_org_resources` VALUES ('1', 'c73d630ab1004b5a9b71836e8b000de9');
INSERT INTO `jeegem_base_org_resources` VALUES ('1', '4');
INSERT INTO `jeegem_base_org_resources` VALUES ('1', '41');
INSERT INTO `jeegem_base_org_resources` VALUES ('1', '161848b9e16e410e9d3fac6f9c91cad5');
INSERT INTO `jeegem_base_org_resources` VALUES ('1', '28d4a82889c341bdaceab323b9549245');
INSERT INTO `jeegem_base_org_resources` VALUES ('1', '3f184c74379c4b668030ba9e55c9caa3');
INSERT INTO `jeegem_base_org_resources` VALUES ('1', '6d44f1553c424e5c81bd3ed9a4e162f3');
INSERT INTO `jeegem_base_org_resources` VALUES ('1', '13');
INSERT INTO `jeegem_base_org_resources` VALUES ('1', '10');
INSERT INTO `jeegem_base_org_resources` VALUES ('1', '9575841c8b6a4c58b10e97d82320fd02');
INSERT INTO `jeegem_base_org_resources` VALUES ('1', 'dde1c043e77d48b4ac2f15806a0aec14');
INSERT INTO `jeegem_base_org_resources` VALUES ('1', 'cd7ef89bf12f4ceb98861cf2bcbc96b1');
INSERT INTO `jeegem_base_org_resources` VALUES ('1', '78b1bf1c0723433099c458e75a8c6901');
INSERT INTO `jeegem_base_org_resources` VALUES ('1', '75288771d60d4510affe8cb97f42897f');
INSERT INTO `jeegem_base_org_resources` VALUES ('1', '14');
INSERT INTO `jeegem_base_org_resources` VALUES ('1', '34507436438c4c7eb9803fa160c2af3c');
INSERT INTO `jeegem_base_org_resources` VALUES ('1', 'dbb1d5db4d7b419db1d221b102a7ad51');
INSERT INTO `jeegem_base_org_resources` VALUES ('1', 'e9480dd6590a4e14a443ee8f76873fd3');
INSERT INTO `jeegem_base_org_resources` VALUES ('1', '6ea62cf0820248a6a2780a885b82a99d');
INSERT INTO `jeegem_base_org_resources` VALUES ('1', '21feb456e503484280232730687149f2');
INSERT INTO `jeegem_base_org_resources` VALUES ('1', '5');
INSERT INTO `jeegem_base_org_resources` VALUES ('1', '12');
INSERT INTO `jeegem_base_org_resources` VALUES ('1', '7c1741c605c148c29113ac804f68f52b');
INSERT INTO `jeegem_base_org_resources` VALUES ('1', '343914e32c3b458ba797c080b0dfbf85');
INSERT INTO `jeegem_base_org_resources` VALUES ('4', '58230413e8364b67af2bb65e64252260');
INSERT INTO `jeegem_base_org_resources` VALUES ('4', 'b776518dfdd940e394a15de3974a8610');
INSERT INTO `jeegem_base_org_resources` VALUES ('4', '52910f91bf3e4b71af4ded1ef67bba48');
INSERT INTO `jeegem_base_org_resources` VALUES ('4', '18756082926f41329e51d74dda3abc80');
INSERT INTO `jeegem_base_org_resources` VALUES ('4', 'a201aa381c3447aeaae23bdb478b3a06');
INSERT INTO `jeegem_base_org_resources` VALUES ('4', 'b8203143736e4e549b2e0fc3c617d4c4');
INSERT INTO `jeegem_base_org_resources` VALUES ('4', '55e7a2d527564d9790b9f00a00d34634');
INSERT INTO `jeegem_base_org_resources` VALUES ('4', '17325e24f35348fd9a287152e3ea8b75');
INSERT INTO `jeegem_base_org_resources` VALUES ('4', '7537535a8b5d44009f52a3e84ca5dfd8');
INSERT INTO `jeegem_base_org_resources` VALUES ('4', 'c9c822f6c7b94650a6f3944c53738caf');
INSERT INTO `jeegem_base_org_resources` VALUES ('4', '47ff0c409f314b07b52ba13f1bb81586');
INSERT INTO `jeegem_base_org_resources` VALUES ('4', '72cbdeff2aea4aea8f348bb6d779a87d');
INSERT INTO `jeegem_base_org_resources` VALUES ('4', '08693c30017e4e45acff89d300067269');
INSERT INTO `jeegem_base_org_resources` VALUES ('4', '79a76d451f3948f4963b97b6d5bbbf3c');
INSERT INTO `jeegem_base_org_resources` VALUES ('4', '25a4bc9c184a4d6c904ce7a3ccb26aae');
INSERT INTO `jeegem_base_org_resources` VALUES ('4', 'b7d11fca02b04742814eb664454d7473');
INSERT INTO `jeegem_base_org_resources` VALUES ('4', '82652011fe8549d18d4652567f7b1610');
INSERT INTO `jeegem_base_org_resources` VALUES ('4', 'bf888841c15e4da5858299ef99376eb4');
INSERT INTO `jeegem_base_org_resources` VALUES ('4', 'a1b4ef2728d9456aa4e9a85d68c6029e');
INSERT INTO `jeegem_base_org_resources` VALUES ('4', '747a8ddc90b844c3a12dbe920e777052');
INSERT INTO `jeegem_base_org_resources` VALUES ('4', 'b78f7224d001404c92479532c614dffa');
INSERT INTO `jeegem_base_org_resources` VALUES ('4', 'a2eea33defc64462b3b3df9e64c461fb');
INSERT INTO `jeegem_base_org_resources` VALUES ('4', '1e87cc3913914c8aa80116270ed03a75');
INSERT INTO `jeegem_base_org_resources` VALUES ('4', '9bd48a7e0ca74b77b577411c8e4b7c2b');
INSERT INTO `jeegem_base_org_resources` VALUES ('4', '55053558dc4f4ab0983337386969aced');
INSERT INTO `jeegem_base_org_resources` VALUES ('4', 'ef3a950b6154459589acc7dd7145e0ed');
INSERT INTO `jeegem_base_org_resources` VALUES ('4', 'de998a250fcb4c2ab88981f2093d54f3');
INSERT INTO `jeegem_base_org_resources` VALUES ('4', 'a213cc3a8be64a77b9d8673619230a87');
INSERT INTO `jeegem_base_org_resources` VALUES ('4', 'c669fba98a9446999b62d15bfff1c412');
INSERT INTO `jeegem_base_org_resources` VALUES ('4', '7579afb168b04a3d99fff9dbe956936e');
INSERT INTO `jeegem_base_org_resources` VALUES ('4', '7d6a6b7594b14807a3def610f6595804');
INSERT INTO `jeegem_base_org_resources` VALUES ('4', '9ba1dbda9e414eff8591cda4aea34c32');
INSERT INTO `jeegem_base_org_resources` VALUES ('4', '51424721ec1c4574b2f2a7bc1833c17f');
INSERT INTO `jeegem_base_org_resources` VALUES ('4', '7b30d8d43df347ada558df820bbec28b');
INSERT INTO `jeegem_base_org_resources` VALUES ('4', '5d1b45e9b6a84bccb212758ce8f2e906');
INSERT INTO `jeegem_base_org_resources` VALUES ('4', '273e05eb764f48c18f832520e7ce141e');
INSERT INTO `jeegem_base_org_resources` VALUES ('4', '0576a0a5825a4c1eafb0fb88369e77f6');
INSERT INTO `jeegem_base_org_resources` VALUES ('4', '40a146e3febf4cafb930a077f1f048d3');
INSERT INTO `jeegem_base_org_resources` VALUES ('1', '58230413e8364b67af2bb65e64252260');
INSERT INTO `jeegem_base_org_resources` VALUES ('1', 'b776518dfdd940e394a15de3974a8610');
INSERT INTO `jeegem_base_org_resources` VALUES ('1', '52910f91bf3e4b71af4ded1ef67bba48');
INSERT INTO `jeegem_base_org_resources` VALUES ('1', '18756082926f41329e51d74dda3abc80');
INSERT INTO `jeegem_base_org_resources` VALUES ('1', 'a201aa381c3447aeaae23bdb478b3a06');
INSERT INTO `jeegem_base_org_resources` VALUES ('1', 'b8203143736e4e549b2e0fc3c617d4c4');
INSERT INTO `jeegem_base_org_resources` VALUES ('1', '55e7a2d527564d9790b9f00a00d34634');
INSERT INTO `jeegem_base_org_resources` VALUES ('1', '17325e24f35348fd9a287152e3ea8b75');
INSERT INTO `jeegem_base_org_resources` VALUES ('1', '7537535a8b5d44009f52a3e84ca5dfd8');
INSERT INTO `jeegem_base_org_resources` VALUES ('1', 'c9c822f6c7b94650a6f3944c53738caf');
INSERT INTO `jeegem_base_org_resources` VALUES ('1', '47ff0c409f314b07b52ba13f1bb81586');
INSERT INTO `jeegem_base_org_resources` VALUES ('1', '72cbdeff2aea4aea8f348bb6d779a87d');
INSERT INTO `jeegem_base_org_resources` VALUES ('1', '08693c30017e4e45acff89d300067269');
INSERT INTO `jeegem_base_org_resources` VALUES ('1', '79a76d451f3948f4963b97b6d5bbbf3c');
INSERT INTO `jeegem_base_org_resources` VALUES ('1', '25a4bc9c184a4d6c904ce7a3ccb26aae');
INSERT INTO `jeegem_base_org_resources` VALUES ('1', 'b7d11fca02b04742814eb664454d7473');
INSERT INTO `jeegem_base_org_resources` VALUES ('1', '82652011fe8549d18d4652567f7b1610');
INSERT INTO `jeegem_base_org_resources` VALUES ('1', 'bf888841c15e4da5858299ef99376eb4');
INSERT INTO `jeegem_base_org_resources` VALUES ('1', 'a1b4ef2728d9456aa4e9a85d68c6029e');
INSERT INTO `jeegem_base_org_resources` VALUES ('1', '747a8ddc90b844c3a12dbe920e777052');
INSERT INTO `jeegem_base_org_resources` VALUES ('1', 'b78f7224d001404c92479532c614dffa');
INSERT INTO `jeegem_base_org_resources` VALUES ('1', 'a2eea33defc64462b3b3df9e64c461fb');
INSERT INTO `jeegem_base_org_resources` VALUES ('1', '1e87cc3913914c8aa80116270ed03a75');
INSERT INTO `jeegem_base_org_resources` VALUES ('1', '9bd48a7e0ca74b77b577411c8e4b7c2b');
INSERT INTO `jeegem_base_org_resources` VALUES ('1', '55053558dc4f4ab0983337386969aced');
INSERT INTO `jeegem_base_org_resources` VALUES ('1', 'ef3a950b6154459589acc7dd7145e0ed');
INSERT INTO `jeegem_base_org_resources` VALUES ('1', 'de998a250fcb4c2ab88981f2093d54f3');
INSERT INTO `jeegem_base_org_resources` VALUES ('1', 'a213cc3a8be64a77b9d8673619230a87');
INSERT INTO `jeegem_base_org_resources` VALUES ('1', 'c669fba98a9446999b62d15bfff1c412');
INSERT INTO `jeegem_base_org_resources` VALUES ('1', '7579afb168b04a3d99fff9dbe956936e');
INSERT INTO `jeegem_base_org_resources` VALUES ('1', '7d6a6b7594b14807a3def610f6595804');
INSERT INTO `jeegem_base_org_resources` VALUES ('1', '9ba1dbda9e414eff8591cda4aea34c32');
INSERT INTO `jeegem_base_org_resources` VALUES ('1', '51424721ec1c4574b2f2a7bc1833c17f');
INSERT INTO `jeegem_base_org_resources` VALUES ('1', '7b30d8d43df347ada558df820bbec28b');
INSERT INTO `jeegem_base_org_resources` VALUES ('1', '5d1b45e9b6a84bccb212758ce8f2e906');
INSERT INTO `jeegem_base_org_resources` VALUES ('1', '273e05eb764f48c18f832520e7ce141e');
INSERT INTO `jeegem_base_org_resources` VALUES ('1', '0576a0a5825a4c1eafb0fb88369e77f6');
INSERT INTO `jeegem_base_org_resources` VALUES ('1', '40a146e3febf4cafb930a077f1f048d3');
INSERT INTO `jeegem_base_org_resources` VALUES ('4', '11');
INSERT INTO `jeegem_base_org_resources` VALUES ('4', '1');
INSERT INTO `jeegem_base_org_resources` VALUES ('4', '2');
INSERT INTO `jeegem_base_org_resources` VALUES ('4', 'ae8fea67b8434987b718c51fe83bb45d');
INSERT INTO `jeegem_base_org_resources` VALUES ('4', '1e2cd5e710224cf0ba09bbe5d4ee0009');
INSERT INTO `jeegem_base_org_resources` VALUES ('4', 'fa04b6fe03944f2a9c040dbc9071af9b');
INSERT INTO `jeegem_base_org_resources` VALUES ('4', '83984d22f9da4991833f506695307b6f');
INSERT INTO `jeegem_base_org_resources` VALUES ('4', '89ff6bdf54ca4501a264adba8eb0ee39');
INSERT INTO `jeegem_base_org_resources` VALUES ('4', '15a7d1cec70c47bdbfd41c7f9c694481');
INSERT INTO `jeegem_base_org_resources` VALUES ('4', '3');
INSERT INTO `jeegem_base_org_resources` VALUES ('4', '4c97ca25b7e940948b3d403c3b091c81');
INSERT INTO `jeegem_base_org_resources` VALUES ('4', 'd22f22f0bc9a4ad2a6464cca6497a7b4');
INSERT INTO `jeegem_base_org_resources` VALUES ('4', '51aa6b0b037340b9ae88d22d2a354acf');
INSERT INTO `jeegem_base_org_resources` VALUES ('4', '4ee50d1722a34edeb6c15bdbf29e556b');
INSERT INTO `jeegem_base_org_resources` VALUES ('4', '42a2938acb5e4a26b5ec2cc6089b7c2e');
INSERT INTO `jeegem_base_org_resources` VALUES ('4', '5ba75d14f5b74572bd5ff35d12c58060');
INSERT INTO `jeegem_base_org_resources` VALUES ('4', 'c73d630ab1004b5a9b71836e8b000de9');
INSERT INTO `jeegem_base_org_resources` VALUES ('4', '4');
INSERT INTO `jeegem_base_org_resources` VALUES ('4', '41');
INSERT INTO `jeegem_base_org_resources` VALUES ('4', '161848b9e16e410e9d3fac6f9c91cad5');
INSERT INTO `jeegem_base_org_resources` VALUES ('4', '28d4a82889c341bdaceab323b9549245');
INSERT INTO `jeegem_base_org_resources` VALUES ('4', '3f184c74379c4b668030ba9e55c9caa3');
INSERT INTO `jeegem_base_org_resources` VALUES ('4', '6d44f1553c424e5c81bd3ed9a4e162f3');
INSERT INTO `jeegem_base_org_resources` VALUES ('4', '13');
INSERT INTO `jeegem_base_org_resources` VALUES ('4', '10');
INSERT INTO `jeegem_base_org_resources` VALUES ('4', '9575841c8b6a4c58b10e97d82320fd02');
INSERT INTO `jeegem_base_org_resources` VALUES ('4', 'dde1c043e77d48b4ac2f15806a0aec14');
INSERT INTO `jeegem_base_org_resources` VALUES ('4', 'cd7ef89bf12f4ceb98861cf2bcbc96b1');
INSERT INTO `jeegem_base_org_resources` VALUES ('4', '78b1bf1c0723433099c458e75a8c6901');
INSERT INTO `jeegem_base_org_resources` VALUES ('4', '75288771d60d4510affe8cb97f42897f');
INSERT INTO `jeegem_base_org_resources` VALUES ('4', '14');
INSERT INTO `jeegem_base_org_resources` VALUES ('4', '34507436438c4c7eb9803fa160c2af3c');
INSERT INTO `jeegem_base_org_resources` VALUES ('4', 'dbb1d5db4d7b419db1d221b102a7ad51');
INSERT INTO `jeegem_base_org_resources` VALUES ('4', 'e9480dd6590a4e14a443ee8f76873fd3');
INSERT INTO `jeegem_base_org_resources` VALUES ('4', '6ea62cf0820248a6a2780a885b82a99d');
INSERT INTO `jeegem_base_org_resources` VALUES ('4', '21feb456e503484280232730687149f2');
INSERT INTO `jeegem_base_org_resources` VALUES ('4', '5');
INSERT INTO `jeegem_base_org_resources` VALUES ('4', '12');
INSERT INTO `jeegem_base_org_resources` VALUES ('4', '7c1741c605c148c29113ac804f68f52b');
INSERT INTO `jeegem_base_org_resources` VALUES ('4', '343914e32c3b458ba797c080b0dfbf85');
INSERT INTO `jeegem_base_org_resources` VALUES ('1', 'e750134d22094ef3a611fe8300c351e9');
INSERT INTO `jeegem_base_org_resources` VALUES ('1', 'a103f06e9c7f4e8aafc5eaf4c735fd91');
INSERT INTO `jeegem_base_org_resources` VALUES ('1', 'dc4a83f740f54f6b89916321968cbcd3');
INSERT INTO `jeegem_base_org_resources` VALUES ('1', '9bc994928cc64fdca432fcad2a0b3ba9');
INSERT INTO `jeegem_base_org_resources` VALUES ('1', '1d906f69a7274cbd8b316903e66fc580');
INSERT INTO `jeegem_base_org_resources` VALUES ('1', '9cff3045dd824773a70c5a887a2f71ef');
INSERT INTO `jeegem_base_org_resources` VALUES ('1', 'f541a86e629d4eefb014309c921a237e');
INSERT INTO `jeegem_base_org_resources` VALUES ('1', 'e49f8b358da2404293f6ac4e7f7a7a30');
INSERT INTO `jeegem_base_org_resources` VALUES ('1', '6');
INSERT INTO `jeegem_base_org_resources` VALUES ('1', '102');
INSERT INTO `jeegem_base_org_resources` VALUES ('1', '4f057f1a6d05416fbb06206b2aaffb10');
INSERT INTO `jeegem_base_org_resources` VALUES ('1', '103');
INSERT INTO `jeegem_base_org_resources` VALUES ('1', '100');
INSERT INTO `jeegem_base_org_resources` VALUES ('1', '101');
INSERT INTO `jeegem_base_org_resources` VALUES ('1', '1bc2c9d3d8e644f1a25ce8321f2faf13');
INSERT INTO `jeegem_base_org_resources` VALUES ('1', '31b0fe86acea4fceb184aecfe521ff0d');
INSERT INTO `jeegem_base_org_resources` VALUES ('1', '0f5747e8beb24a15899cfd0c0f4c42c0');
INSERT INTO `jeegem_base_org_resources` VALUES ('1', '9727f259cd8542fc8756b7b9cee9dd54');
INSERT INTO `jeegem_base_org_resources` VALUES ('1', '404');
INSERT INTO `jeegem_base_org_resources` VALUES ('1', '332072af224d42a4b2f340f30355b1e1');
INSERT INTO `jeegem_base_org_resources` VALUES ('4', 'e750134d22094ef3a611fe8300c351e9');
INSERT INTO `jeegem_base_org_resources` VALUES ('4', 'a103f06e9c7f4e8aafc5eaf4c735fd91');
INSERT INTO `jeegem_base_org_resources` VALUES ('4', 'dc4a83f740f54f6b89916321968cbcd3');
INSERT INTO `jeegem_base_org_resources` VALUES ('4', '9bc994928cc64fdca432fcad2a0b3ba9');
INSERT INTO `jeegem_base_org_resources` VALUES ('4', '1d906f69a7274cbd8b316903e66fc580');
INSERT INTO `jeegem_base_org_resources` VALUES ('4', '9cff3045dd824773a70c5a887a2f71ef');
INSERT INTO `jeegem_base_org_resources` VALUES ('4', 'f541a86e629d4eefb014309c921a237e');
INSERT INTO `jeegem_base_org_resources` VALUES ('4', 'e49f8b358da2404293f6ac4e7f7a7a30');
INSERT INTO `jeegem_base_org_resources` VALUES ('4', '6');
INSERT INTO `jeegem_base_org_resources` VALUES ('4', '102');
INSERT INTO `jeegem_base_org_resources` VALUES ('4', '4f057f1a6d05416fbb06206b2aaffb10');
INSERT INTO `jeegem_base_org_resources` VALUES ('4', '103');
INSERT INTO `jeegem_base_org_resources` VALUES ('4', '100');
INSERT INTO `jeegem_base_org_resources` VALUES ('4', '101');
INSERT INTO `jeegem_base_org_resources` VALUES ('4', '1bc2c9d3d8e644f1a25ce8321f2faf13');
INSERT INTO `jeegem_base_org_resources` VALUES ('4', '31b0fe86acea4fceb184aecfe521ff0d');
INSERT INTO `jeegem_base_org_resources` VALUES ('4', '0f5747e8beb24a15899cfd0c0f4c42c0');
INSERT INTO `jeegem_base_org_resources` VALUES ('4', '9727f259cd8542fc8756b7b9cee9dd54');
INSERT INTO `jeegem_base_org_resources` VALUES ('4', '404');
INSERT INTO `jeegem_base_org_resources` VALUES ('4', '332072af224d42a4b2f340f30355b1e1');
INSERT INTO `jeegem_base_org_resources` VALUES ('8f080b6180564157aa173cc26e44d1dd', '58230413e8364b67af2bb65e64252260');
INSERT INTO `jeegem_base_org_resources` VALUES ('8f080b6180564157aa173cc26e44d1dd', 'b776518dfdd940e394a15de3974a8610');
INSERT INTO `jeegem_base_org_resources` VALUES ('8f080b6180564157aa173cc26e44d1dd', '52910f91bf3e4b71af4ded1ef67bba48');
INSERT INTO `jeegem_base_org_resources` VALUES ('8f080b6180564157aa173cc26e44d1dd', '18756082926f41329e51d74dda3abc80');
INSERT INTO `jeegem_base_org_resources` VALUES ('8f080b6180564157aa173cc26e44d1dd', 'a201aa381c3447aeaae23bdb478b3a06');
INSERT INTO `jeegem_base_org_resources` VALUES ('8f080b6180564157aa173cc26e44d1dd', 'b8203143736e4e549b2e0fc3c617d4c4');
INSERT INTO `jeegem_base_org_resources` VALUES ('8f080b6180564157aa173cc26e44d1dd', '55e7a2d527564d9790b9f00a00d34634');
INSERT INTO `jeegem_base_org_resources` VALUES ('8f080b6180564157aa173cc26e44d1dd', '17325e24f35348fd9a287152e3ea8b75');
INSERT INTO `jeegem_base_org_resources` VALUES ('8f080b6180564157aa173cc26e44d1dd', '7537535a8b5d44009f52a3e84ca5dfd8');
INSERT INTO `jeegem_base_org_resources` VALUES ('8f080b6180564157aa173cc26e44d1dd', 'c9c822f6c7b94650a6f3944c53738caf');
INSERT INTO `jeegem_base_org_resources` VALUES ('8f080b6180564157aa173cc26e44d1dd', '47ff0c409f314b07b52ba13f1bb81586');
INSERT INTO `jeegem_base_org_resources` VALUES ('8f080b6180564157aa173cc26e44d1dd', '72cbdeff2aea4aea8f348bb6d779a87d');
INSERT INTO `jeegem_base_org_resources` VALUES ('8f080b6180564157aa173cc26e44d1dd', 'e750134d22094ef3a611fe8300c351e9');
INSERT INTO `jeegem_base_org_resources` VALUES ('8f080b6180564157aa173cc26e44d1dd', 'a103f06e9c7f4e8aafc5eaf4c735fd91');
INSERT INTO `jeegem_base_org_resources` VALUES ('8f080b6180564157aa173cc26e44d1dd', 'dc4a83f740f54f6b89916321968cbcd3');
INSERT INTO `jeegem_base_org_resources` VALUES ('8f080b6180564157aa173cc26e44d1dd', '9bc994928cc64fdca432fcad2a0b3ba9');
INSERT INTO `jeegem_base_org_resources` VALUES ('8f080b6180564157aa173cc26e44d1dd', '1d906f69a7274cbd8b316903e66fc580');
INSERT INTO `jeegem_base_org_resources` VALUES ('8f080b6180564157aa173cc26e44d1dd', '9cff3045dd824773a70c5a887a2f71ef');
INSERT INTO `jeegem_base_org_resources` VALUES ('8f080b6180564157aa173cc26e44d1dd', 'f541a86e629d4eefb014309c921a237e');
INSERT INTO `jeegem_base_org_resources` VALUES ('8f080b6180564157aa173cc26e44d1dd', 'e49f8b358da2404293f6ac4e7f7a7a30');
INSERT INTO `jeegem_base_org_resources` VALUES ('8f080b6180564157aa173cc26e44d1dd', '11');
INSERT INTO `jeegem_base_org_resources` VALUES ('8f080b6180564157aa173cc26e44d1dd', '1');
INSERT INTO `jeegem_base_org_resources` VALUES ('8f080b6180564157aa173cc26e44d1dd', '2');
INSERT INTO `jeegem_base_org_resources` VALUES ('8f080b6180564157aa173cc26e44d1dd', 'ae8fea67b8434987b718c51fe83bb45d');
INSERT INTO `jeegem_base_org_resources` VALUES ('8f080b6180564157aa173cc26e44d1dd', '1e2cd5e710224cf0ba09bbe5d4ee0009');
INSERT INTO `jeegem_base_org_resources` VALUES ('8f080b6180564157aa173cc26e44d1dd', 'fa04b6fe03944f2a9c040dbc9071af9b');
INSERT INTO `jeegem_base_org_resources` VALUES ('8f080b6180564157aa173cc26e44d1dd', '83984d22f9da4991833f506695307b6f');
INSERT INTO `jeegem_base_org_resources` VALUES ('8f080b6180564157aa173cc26e44d1dd', '89ff6bdf54ca4501a264adba8eb0ee39');
INSERT INTO `jeegem_base_org_resources` VALUES ('8f080b6180564157aa173cc26e44d1dd', '15a7d1cec70c47bdbfd41c7f9c694481');
INSERT INTO `jeegem_base_org_resources` VALUES ('8f080b6180564157aa173cc26e44d1dd', '3');
INSERT INTO `jeegem_base_org_resources` VALUES ('8f080b6180564157aa173cc26e44d1dd', '4c97ca25b7e940948b3d403c3b091c81');
INSERT INTO `jeegem_base_org_resources` VALUES ('8f080b6180564157aa173cc26e44d1dd', 'd22f22f0bc9a4ad2a6464cca6497a7b4');
INSERT INTO `jeegem_base_org_resources` VALUES ('8f080b6180564157aa173cc26e44d1dd', '51aa6b0b037340b9ae88d22d2a354acf');
INSERT INTO `jeegem_base_org_resources` VALUES ('8f080b6180564157aa173cc26e44d1dd', '4ee50d1722a34edeb6c15bdbf29e556b');
INSERT INTO `jeegem_base_org_resources` VALUES ('8f080b6180564157aa173cc26e44d1dd', '42a2938acb5e4a26b5ec2cc6089b7c2e');
INSERT INTO `jeegem_base_org_resources` VALUES ('8f080b6180564157aa173cc26e44d1dd', '5ba75d14f5b74572bd5ff35d12c58060');
INSERT INTO `jeegem_base_org_resources` VALUES ('8f080b6180564157aa173cc26e44d1dd', 'c73d630ab1004b5a9b71836e8b000de9');
INSERT INTO `jeegem_base_org_resources` VALUES ('1', '9037c1737a904fc3bf18e0ef7a6b6e05');
INSERT INTO `jeegem_base_org_resources` VALUES ('4', '9037c1737a904fc3bf18e0ef7a6b6e05');
INSERT INTO `jeegem_base_org_resources` VALUES ('1', '8cc0bcbb9bae4ebe81d263de37ef15a6');
INSERT INTO `jeegem_base_org_resources` VALUES ('4', '8cc0bcbb9bae4ebe81d263de37ef15a6');
INSERT INTO `jeegem_base_org_resources` VALUES ('1', '4021171e506b47c083c77a2b96660031');
INSERT INTO `jeegem_base_org_resources` VALUES ('4', '4021171e506b47c083c77a2b96660031');

-- ----------------------------
-- Table structure for jeegem_base_position
-- ----------------------------
DROP TABLE IF EXISTS `jeegem_base_position`;
CREATE TABLE `jeegem_base_position` (
  `id` varchar(32) NOT NULL,
  `name` varchar(32) NOT NULL,
  `orgId` varchar(32) NOT NULL,
  `type` varchar(32) NOT NULL,
  `description` varchar(200) DEFAULT NULL,
  `createTime` datetime DEFAULT NULL,
  `updateTime` datetime DEFAULT NULL,
  PRIMARY KEY (`id`)
) ENGINE=InnoDB DEFAULT CHARSET=utf8;

-- ----------------------------
-- Records of jeegem_base_position
-- ----------------------------
INSERT INTO `jeegem_base_position` VALUES ('1', '经理', '2', 'manager', '', '2016-01-22 00:02:55', null);
INSERT INTO `jeegem_base_position` VALUES ('b2da690b91b64408aba7fb820b1bf9cf', '人事经理', '8f080b6180564157aa173cc26e44d1dd', 'manager', '', '2016-02-27 19:13:06', null);
INSERT INTO `jeegem_base_position` VALUES ('c63d54663fcc4e27a10e1e6f17772df8', '董事长', '1', 'president', '', '2016-01-22 00:45:00', '2016-01-22 19:09:46');
INSERT INTO `jeegem_base_position` VALUES ('f6db550f89824d6bb0009fc04af3f25b', '总经理', '1', 'gmanager', '', '2016-01-22 00:47:01', null);

-- ----------------------------
-- Table structure for jeegem_base_resources
-- ----------------------------
DROP TABLE IF EXISTS `jeegem_base_resources`;
CREATE TABLE `jeegem_base_resources` (
  `id` varchar(32) CHARACTER SET utf8 NOT NULL COMMENT 'Id',
  `name` varchar(50) CHARACTER SET utf8 NOT NULL COMMENT '菜单名字',
  `parentId` varchar(32) CHARACTER SET utf8 NOT NULL DEFAULT '0' COMMENT '父Id',
  `layer` int(11) NOT NULL,
  `type` int(4) NOT NULL DEFAULT '1' COMMENT '资源类型(1:为菜单，2:功能，3:按钮)',
  `resUrl` varchar(512) CHARACTER SET utf8 DEFAULT NULL COMMENT '菜单链接',
  `btnId` varchar(32) DEFAULT NULL,
  `btnFun` varchar(64) DEFAULT NULL,
  `icon` varchar(100) CHARACTER SET utf8 DEFAULT NULL COMMENT '菜单Icon',
  `sort` int(10) DEFAULT NULL COMMENT '菜单顺序(由小到大排列)',
  `isValid` int(2) DEFAULT NULL COMMENT '是否有效(1:有效,0:无效)',
  `description` varchar(200) CHARACTER SET utf8 DEFAULT NULL COMMENT '描述',
  `createTime` datetime DEFAULT NULL COMMENT '创建时间',
  `updateTime` datetime DEFAULT NULL COMMENT '修改时间',
  PRIMARY KEY (`id`)
) ENGINE=InnoDB DEFAULT CHARSET=latin1;

-- ----------------------------
-- Records of jeegem_base_resources
-- ----------------------------
INSERT INTO `jeegem_base_resources` VALUES ('0576a0a5825a4c1eafb0fb88369e77f6', '自动义菜单', '51424721ec1c4574b2f2a7bc1833c17f', '2', '1', '/backstage/weixin/menu/index', '', '', 'icon-ellipsis-horizontal ', '2', '1', '', '2015-12-30 22:44:19', '2015-12-30 23:12:47');
INSERT INTO `jeegem_base_resources` VALUES ('08693c30017e4e45acff89d300067269', '系统工具', '0', '2', '1', '', '', '', 'icon-legal ', '4', '1', '', '2015-12-07 18:27:41', '2016-01-30 00:24:22');
INSERT INTO `jeegem_base_resources` VALUES ('0f5747e8beb24a15899cfd0c0f4c42c0', 'zTree3.5', '6', '3', '1', '/static/apidoc/zTree/API_cn.html', '', '', 'icon-adn', '35', '1', '', '2015-12-13 14:54:53', '2016-01-30 18:36:38');
INSERT INTO `jeegem_base_resources` VALUES ('1', '基础管理', '0', '1', '1', '', '', '', 'icon-qrcode', '2', '1', '', '2015-07-15 16:35:17', '2016-01-30 00:29:09');
INSERT INTO `jeegem_base_resources` VALUES ('10', '系统字典', '13', '1', '1', '/backstage/sysDict/index', '', '', 'icon-dropbox', '1', '1', '', '2015-09-14 16:57:39', '2016-01-30 00:28:18');
INSERT INTO `jeegem_base_resources` VALUES ('100', 'jQuery UI', '6', '3', '1', '/static/apidoc/jquery/index.html', '', '', 'icon-adn', '9', '1', 'jQuery UI', '2015-10-09 17:35:39', '2016-01-30 18:36:56');
INSERT INTO `jeegem_base_resources` VALUES ('101', 'Shiro', '6', '3', '1', '/static/apidoc/shiro/index.html', '', '', 'icon-adn', '10', '1', '', '2015-10-23 10:30:14', '2016-01-30 18:36:18');
INSERT INTO `jeegem_base_resources` VALUES ('102', 'JEEGEM', '6', '3', '1', '/static/apidoc/gem/index.html', null, null, 'icon-adn', '1', '1', 'JEEGEM', '2015-11-04 15:32:19', null);
INSERT INTO `jeegem_base_resources` VALUES ('103', 'StringUtils', '6', '3', '1', '/static/apidoc/StringUtils/index.html', null, null, 'icon-adn', '4', '1', 'StringUtils', '2015-11-06 09:55:48', null);
INSERT INTO `jeegem_base_resources` VALUES ('11', '系统首页', '0', '1', '1', '/backstage/adv', '', '', 'icon-windows', '1', '1', '自定义广告页', '2015-08-11 11:37:44', '2016-01-21 12:19:06');
INSERT INTO `jeegem_base_resources` VALUES ('12', 'Web监控', '5', '4', '1', '/druid/index.html', null, null, 'icon-bar-chart', '1', '1', 'Web监控', '2015-09-08 10:45:18', null);
INSERT INTO `jeegem_base_resources` VALUES ('13', '字典管理', '0', '1', '1', '', '', '', 'icon-book ', '6', '1', '', '2015-09-25 13:20:42', '2016-01-30 00:25:33');
INSERT INTO `jeegem_base_resources` VALUES ('14', '数据字典', '13', '1', '1', '/backstage/dataDict/index', '', '', 'icon-stackexchange', '2', '1', '', '2015-09-25 13:30:49', '2016-01-30 00:28:55');
INSERT INTO `jeegem_base_resources` VALUES ('15a7d1cec70c47bdbfd41c7f9c694481', '删除', '2', '1', '3', '/backstage/account/del', '', 'del', 'icon-remove-sign color-red', '4', '1', '', '2015-11-16 10:29:46', '2015-11-24 14:53:34');
INSERT INTO `jeegem_base_resources` VALUES ('161848b9e16e410e9d3fac6f9c91cad5', '批量删除', '4', '1', '2', '/backstage/resources/delBatch', 'delBatchBtn', '', 'icon-trash color-red', '2', '1', '', '2015-11-11 16:01:20', '2015-11-13 15:21:27');
INSERT INTO `jeegem_base_resources` VALUES ('17325e24f35348fd9a287152e3ea8b75', '创建模型', '55e7a2d527564d9790b9f00a00d34634', '2', '2', '/backstage/workflow/model/create', 'addBtn', '', 'icon-plus-sign color-green', '1', '1', '', '2016-01-18 17:42:36', '2016-01-18 17:47:29');
INSERT INTO `jeegem_base_resources` VALUES ('18756082926f41329e51d74dda3abc80', '流程定义', '58230413e8364b67af2bb65e64252260', '2', '1', '/backstage/workflow/process/index', '', '', 'icon-flickr ', '5', '1', '', '2016-01-19 14:21:40', '2016-01-19 20:13:21');
INSERT INTO `jeegem_base_resources` VALUES ('1bc2c9d3d8e644f1a25ce8321f2faf13', 'UEditor', '6', '3', '1', '/static/plugins/ueditor/index.html', '', '', 'icon-play-circle ', '12', '1', '', '2015-12-05 15:38:12', '2016-01-30 18:36:26');
INSERT INTO `jeegem_base_resources` VALUES ('1d906f69a7274cbd8b316903e66fc580', '签收任务', '9bc994928cc64fdca432fcad2a0b3ba9', '3', '1', '/backstage/workflow/online/myTask/signList', '', '', 'icon-envelope-alt ', '1', '1', '', '2016-02-11 23:53:11', null);
INSERT INTO `jeegem_base_resources` VALUES ('1e2cd5e710224cf0ba09bbe5d4ee0009', '批量删除', '2', '1', '2', '/backstage/account/delBatch', 'delBatchBtn', '', 'icon-trash color-red', '2', '1', '', '2015-11-16 09:36:13', '2016-01-22 18:39:20');
INSERT INTO `jeegem_base_resources` VALUES ('1e87cc3913914c8aa80116270ed03a75', '增加', 'a2eea33defc64462b3b3df9e64c461fb', '2', '2', '/backstage/task/scheduleJob/add', 'addBtn', '', 'icon-plus-sign color-green', '1', '1', '', '2015-12-24 11:28:59', '2015-12-24 20:34:47');
INSERT INTO `jeegem_base_resources` VALUES ('2', '用户管理', '1', '1', '1', '/backstage/account/index', '', '', 'icon-group', '1', '1', '', '2015-07-15 16:35:19', '2016-01-30 00:28:06');
INSERT INTO `jeegem_base_resources` VALUES ('21feb456e503484280232730687149f2', '删除', '14', '1', '3', '/backstage/dataDict/del', '', 'del', 'icon-remove-sign color-red', '3', '1', '', '2015-11-18 16:10:03', '2015-11-24 14:25:00');
INSERT INTO `jeegem_base_resources` VALUES ('25a4bc9c184a4d6c904ce7a3ccb26aae', '图表处理', '08693c30017e4e45acff89d300067269', '2', '1', '/backstage/tool/echarts/index', '', '', 'icon-align-left ', '2', '1', '', '2015-12-16 15:36:29', '2015-12-27 12:08:42');
INSERT INTO `jeegem_base_resources` VALUES ('273e05eb764f48c18f832520e7ce141e', '查看', '7b30d8d43df347ada558df820bbec28b', '2', '3', '/backstage/weixin/follower/find', '', 'check', 'icon-zoom-in color-purple', '1', '1', '', '2015-12-30 15:43:34', '2015-12-30 15:48:10');
INSERT INTO `jeegem_base_resources` VALUES ('28d4a82889c341bdaceab323b9549245', '查看', '4', '1', '3', '/backstage/resources/find', '', 'check', 'icon-zoom-in color-purple', '1', '1', '', '2015-11-12 15:33:53', '2015-11-12 16:19:30');
INSERT INTO `jeegem_base_resources` VALUES ('3', '组织管理', '1', '1', '1', '/backstage/org/role/index', '', '', 'icon-github-alt', '2', '1', '', '2015-07-15 16:35:21', '2016-01-30 00:28:12');
INSERT INTO `jeegem_base_resources` VALUES ('31b0fe86acea4fceb184aecfe521ff0d', 'Quartz', '6', '3', '1', '/static/apidoc/quartz/index.html', '', '', 'icon-adn ', '33', '1', '', '2015-12-24 23:03:43', '2015-12-24 23:04:22');
INSERT INTO `jeegem_base_resources` VALUES ('332072af224d42a4b2f340f30355b1e1', '500', '9727f259cd8542fc8756b7b9cee9dd54', '3', '1', '/500.jsp', '', '', 'icon-exclamation-sign ', '100', '1', '', '2015-11-25 11:28:27', '2015-12-13 14:51:32');
INSERT INTO `jeegem_base_resources` VALUES ('343914e32c3b458ba797c080b0dfbf85', '批量删除', '7c1741c605c148c29113ac804f68f52b', '4', '2', '/backstage/loginLog/delBatch', 'delBatchBtn', '', 'icon-trash color-red', '1', '1', '', '2015-12-24 21:04:24', '2015-12-24 21:09:33');
INSERT INTO `jeegem_base_resources` VALUES ('34507436438c4c7eb9803fa160c2af3c', '增加', '14', '1', '2', '/backstage/dataDict/add', 'addBtn', '', 'icon-plus-sign color-green', '1', '1', '', '2015-11-18 16:03:55', '2015-11-24 14:09:42');
INSERT INTO `jeegem_base_resources` VALUES ('3f184c74379c4b668030ba9e55c9caa3', '修改', '4', '1', '3', '/backstage/resources/update', '', 'edit', 'icon-edit color-blue', '2', '1', '', '2015-11-11 16:50:47', '2015-11-12 16:19:24');
INSERT INTO `jeegem_base_resources` VALUES ('4', '菜单管理', '1', '1', '1', '/backstage/resources/index', '', '', 'icon-th-large', '4', '1', '', '2015-07-15 16:35:24', '2016-01-30 00:28:27');
INSERT INTO `jeegem_base_resources` VALUES ('4021171e506b47c083c77a2b96660031', '上传流程模型', '18756082926f41329e51d74dda3abc80', '2', '2', '/backstage/workflow/process/uploadModel', 'uploadModel', '', 'icon-cloud-upload ', '1', '1', '', '2016-03-19 18:00:59', '2016-03-19 18:01:21');
INSERT INTO `jeegem_base_resources` VALUES ('404', '404', '9727f259cd8542fc8756b7b9cee9dd54', '3', '1', '/404', '', '', 'icon-exclamation-sign ', '99', '1', '404', '2015-10-30 17:18:31', '2015-12-13 14:51:24');
INSERT INTO `jeegem_base_resources` VALUES ('40a146e3febf4cafb930a077f1f048d3', '配置管理', '51424721ec1c4574b2f2a7bc1833c17f', '2', '1', '/backstage/weixin/config/index', '', '', 'icon-cog ', '10', '1', '', '2015-12-30 21:27:02', '2015-12-30 21:34:33');
INSERT INTO `jeegem_base_resources` VALUES ('41', '增加', '4', '1', '2', '/backstage/resources/add', 'addBtn', '', 'icon-plus-sign color-green', '1', '1', '增加', '2015-11-06 11:21:29', '2015-11-12 17:32:36');
INSERT INTO `jeegem_base_resources` VALUES ('42a2938acb5e4a26b5ec2cc6089b7c2e', '修改角色', '3', '1', '3', '/backstage/org/role/update', '', 'edit', 'icon-edit color-blue', '3', '1', '', '2015-11-13 17:13:52', '2016-01-22 12:42:42');
INSERT INTO `jeegem_base_resources` VALUES ('47ff0c409f314b07b52ba13f1bb81586', '导出', '55e7a2d527564d9790b9f00a00d34634', '2', '3', '/backstage/workflow/model/export', '', 'exportForm', 'icon-cloud-download color-pale-orange', '3', '1', '', '2016-01-18 19:04:39', '2016-01-18 19:13:50');
INSERT INTO `jeegem_base_resources` VALUES ('4c97ca25b7e940948b3d403c3b091c81', '增加角色', '3', '1', '2', '/backstage/org/role/add', 'addBtn', '', 'icon-plus-sign color-green', '1', '1', '', '2015-11-13 10:12:20', '2016-01-22 12:43:20');
INSERT INTO `jeegem_base_resources` VALUES ('4ee50d1722a34edeb6c15bdbf29e556b', '查看角色', '3', '1', '3', '/backstage/org/role/find', '', 'check', 'icon-zoom-in color-purple', '2', '1', '', '2015-11-13 16:27:36', '2016-01-22 12:42:52');
INSERT INTO `jeegem_base_resources` VALUES ('4f057f1a6d05416fbb06206b2aaffb10', '页面UI', '6', '3', '1', '/static/apidoc/GEMYUI/index.html', '', '', 'icon-html5 ', '2', '1', '', '2016-01-30 18:33:58', '2016-01-30 18:38:16');
INSERT INTO `jeegem_base_resources` VALUES ('5', '监控管理', '0', '4', '1', '', '', '', 'icon-linux', '10', '1', '', '2015-07-15 16:35:25', '2016-01-30 03:32:24');
INSERT INTO `jeegem_base_resources` VALUES ('51424721ec1c4574b2f2a7bc1833c17f', '微信管理', '0', '2', '1', '', '', '', 'icon-comments-alt ', '8', '1', '', '2015-12-27 15:22:08', '2016-01-30 00:24:04');
INSERT INTO `jeegem_base_resources` VALUES ('51aa6b0b037340b9ae88d22d2a354acf', '授权角色权限', '3', '1', '3', '/backstage/org/role/listAuthorized', '', 'authorized', 'icon-key color-dark-green', '1', '1', '', '2015-11-13 17:41:57', '2016-01-22 12:43:02');
INSERT INTO `jeegem_base_resources` VALUES ('52910f91bf3e4b71af4ded1ef67bba48', '历史流程', '58230413e8364b67af2bb65e64252260', '2', '1', '/backstage/workflow/instance/his/index', '', '', 'icon-save ', '4', '1', '', '2016-01-20 11:45:23', '2016-02-12 13:02:46');
INSERT INTO `jeegem_base_resources` VALUES ('55053558dc4f4ab0983337386969aced', '启动任务', 'a2eea33defc64462b3b3df9e64c461fb', '2', '3', '/backstage/task/scheduleJob/resumeJob', '', 'resumeJob', 'icon-play color-bright-blue', '2', '1', '', '2015-12-24 18:03:54', '2015-12-24 20:35:11');
INSERT INTO `jeegem_base_resources` VALUES ('55e7a2d527564d9790b9f00a00d34634', '模型工作区', '58230413e8364b67af2bb65e64252260', '2', '1', '/backstage/workflow/model/index', '', '', 'icon-edit-sign ', '10', '1', '', '2016-01-08 00:28:33', '2016-01-19 14:05:01');
INSERT INTO `jeegem_base_resources` VALUES ('58230413e8364b67af2bb65e64252260', '工作流管理', '0', '2', '1', '', '', '', 'icon-briefcase ', '3', '1', '', '2016-01-08 00:27:03', '2016-01-30 00:24:53');
INSERT INTO `jeegem_base_resources` VALUES ('5ba75d14f5b74572bd5ff35d12c58060', '删除角色', '3', '1', '3', '/backstage/org/role/del', '', 'del', 'icon-remove-sign color-red', '4', '1', '', '2015-11-13 17:21:08', '2016-01-22 12:42:29');
INSERT INTO `jeegem_base_resources` VALUES ('5d1b45e9b6a84bccb212758ce8f2e906', '同步关注者数据', '7b30d8d43df347ada558df820bbec28b', '2', '2', '/backstage/weixin/follower/syncFollower', 'syncFollowerBtn', '', 'icon-cloud-download color-pale-blue', '1', '1', '', '2015-12-30 15:42:47', '2015-12-30 15:46:04');
INSERT INTO `jeegem_base_resources` VALUES ('6', 'Api', '0', '3', '1', '', '', '', 'icon-adn', '98', '1', 'Api', '2015-09-23 15:56:37', '2016-01-30 00:24:45');
INSERT INTO `jeegem_base_resources` VALUES ('6d44f1553c424e5c81bd3ed9a4e162f3', '删除', '4', '1', '3', '/backstage/resources/del', '', 'del', 'icon-remove-sign color-red', '3', '1', '', '2015-11-12 16:23:58', '2015-11-12 16:31:33');
INSERT INTO `jeegem_base_resources` VALUES ('6ea62cf0820248a6a2780a885b82a99d', '修改', '14', '1', '3', '/backstage/dataDict/update', '', 'edit', 'icon-edit color-blue', '2', '1', '', '2015-11-18 16:11:53', '2015-11-24 14:10:05');
INSERT INTO `jeegem_base_resources` VALUES ('72cbdeff2aea4aea8f348bb6d779a87d', '删除模型', '55e7a2d527564d9790b9f00a00d34634', '2', '3', '/backstage/workflow/model/del', '', 'del', 'icon-remove-sign color-red', '6', '1', '', '2016-01-18 18:27:01', '2016-01-18 18:27:32');
INSERT INTO `jeegem_base_resources` VALUES ('747a8ddc90b844c3a12dbe920e777052', '可拖动上传', '82652011fe8549d18d4652567f7b1610', '2', '1', '/backstage/tool/webuploader/test/more', '', '', 'icon-folder-open-alt ', '3', '1', '', '2016-01-06 17:55:19', '2016-01-06 17:55:48');
INSERT INTO `jeegem_base_resources` VALUES ('75288771d60d4510affe8cb97f42897f', '删除', '10', '1', '3', '/backstage/sysDict/del', '', 'del', 'icon-remove-sign color-red', '3', '1', '', '2015-11-16 16:38:16', '2015-11-24 11:33:16');
INSERT INTO `jeegem_base_resources` VALUES ('7537535a8b5d44009f52a3e84ca5dfd8', '编辑模型', '55e7a2d527564d9790b9f00a00d34634', '2', '3', '/backstage/workflow/model/edit', '', 'edit', 'icon-edit color-blue', '1', '1', '', '2016-01-18 18:02:28', '2016-01-18 18:28:08');
INSERT INTO `jeegem_base_resources` VALUES ('7579afb168b04a3d99fff9dbe956936e', '定时任务日志', 'b78f7224d001404c92479532c614dffa', '2', '1', '/backstage/task/taskLog/index', '', '', 'icon-eye-open ', '2', '1', '', '2015-12-24 19:51:42', '2015-12-24 20:30:38');
INSERT INTO `jeegem_base_resources` VALUES ('78b1bf1c0723433099c458e75a8c6901', '修改', '10', '1', '3', '/backstage/sysDict/update', '', 'edit', 'icon-edit color-blue', '2', '1', '', '2015-11-16 16:37:44', '2015-11-24 14:08:26');
INSERT INTO `jeegem_base_resources` VALUES ('79a76d451f3948f4963b97b6d5bbbf3c', '邮箱中心', '08693c30017e4e45acff89d300067269', '2', '1', '/backstage/tool/email/index', '', '', 'icon-envelope-alt ', '1', '1', '', '2015-12-02 15:57:52', '2015-12-25 17:32:49');
INSERT INTO `jeegem_base_resources` VALUES ('7b30d8d43df347ada558df820bbec28b', '关注者管理', '51424721ec1c4574b2f2a7bc1833c17f', '2', '1', '/backstage/weixin/follower/index', '', '', 'icon-group ', '1', '1', '', '2015-12-29 23:52:59', '2015-12-29 23:53:34');
INSERT INTO `jeegem_base_resources` VALUES ('7c1741c605c148c29113ac804f68f52b', '登录日志', '5', '4', '1', '/backstage/loginLog/index', '', '', 'icon-eye-open ', '2', '1', '', '2015-11-25 16:56:41', '2015-11-25 17:17:37');
INSERT INTO `jeegem_base_resources` VALUES ('7d6a6b7594b14807a3def610f6595804', '导出日志', '7579afb168b04a3d99fff9dbe956936e', '2', '2', '/backstage/task/taskLog/exportXls', 'exportXls', '', 'icon-table color-dark-green', '1', '1', '', '2016-01-07 19:24:05', '2016-01-07 23:10:20');
INSERT INTO `jeegem_base_resources` VALUES ('82652011fe8549d18d4652567f7b1610', '上传工具', '08693c30017e4e45acff89d300067269', '2', '1', '', '', '', 'icon-cloud-upload ', '5', '1', '', '2016-01-06 17:52:47', null);
INSERT INTO `jeegem_base_resources` VALUES ('83984d22f9da4991833f506695307b6f', '查看', '2', '1', '3', '/backstage/account/find', '', 'check', 'icon-zoom-in color-purple', '2', '1', '', '2015-11-16 09:49:48', '2015-11-24 14:52:57');
INSERT INTO `jeegem_base_resources` VALUES ('89ff6bdf54ca4501a264adba8eb0ee39', '修改', '2', '1', '3', '/backstage/account/update', '', 'edit', 'icon-edit color-blue', '3', '1', '', '2015-11-16 10:29:15', '2015-11-24 14:53:21');
INSERT INTO `jeegem_base_resources` VALUES ('8cc0bcbb9bae4ebe81d263de37ef15a6', '二维码处理', '08693c30017e4e45acff89d300067269', '2', '1', '/backstage/tool/qrCode/index', '', '', 'icon-barcode ', '3', '1', '', '2016-04-03 16:24:40', null);
INSERT INTO `jeegem_base_resources` VALUES ('9037c1737a904fc3bf18e0ef7a6b6e05', '接口工具', '08693c30017e4e45acff89d300067269', '2', '1', '/backstage/tool/interfaceTest/index', '', '', 'icon-resize-small ', '5', '1', '', '2016-04-09 19:24:49', null);
INSERT INTO `jeegem_base_resources` VALUES ('9575841c8b6a4c58b10e97d82320fd02', '增加', '10', '1', '2', '/backstage/sysDict/add', 'addBtn', '', 'icon-plus-sign color-green', '1', '1', '', '2015-11-16 16:30:02', '2015-11-24 11:19:42');
INSERT INTO `jeegem_base_resources` VALUES ('9727f259cd8542fc8756b7b9cee9dd54', '错误页', '6', '3', '1', '', '', '', 'icon-tag ', '200', '1', '', '2015-12-13 14:51:00', '2016-02-10 17:58:46');
INSERT INTO `jeegem_base_resources` VALUES ('9ba1dbda9e414eff8591cda4aea34c32', '批量删除', '7579afb168b04a3d99fff9dbe956936e', '2', '2', '/backstage/task/taskLog/delBatch', 'delBatchBtn', '', 'icon-trash color-red', '2', '1', '', '2015-12-24 21:05:06', '2016-01-07 22:59:22');
INSERT INTO `jeegem_base_resources` VALUES ('9bc994928cc64fdca432fcad2a0b3ba9', '我的任务', 'e750134d22094ef3a611fe8300c351e9', '3', '1', '', '', '', 'icon-signout ', '2', '1', '', '2016-01-20 11:59:17', '2016-02-12 13:12:35');
INSERT INTO `jeegem_base_resources` VALUES ('9bd48a7e0ca74b77b577411c8e4b7c2b', '运行一次任务', 'a2eea33defc64462b3b3df9e64c461fb', '2', '3', '/backstage/task/scheduleJob/runOnce', '', 'runOnce', 'icon-step-forward color-yellow', '1', '1', '', '2015-12-24 18:08:11', '2015-12-24 20:34:54');
INSERT INTO `jeegem_base_resources` VALUES ('9cff3045dd824773a70c5a887a2f71ef', '待办任务', '9bc994928cc64fdca432fcad2a0b3ba9', '3', '1', '/backstage/workflow/online/myTask/todoList', '', '', 'icon-tags ', '2', '1', '', '2016-02-11 23:53:52', null);
INSERT INTO `jeegem_base_resources` VALUES ('a103f06e9c7f4e8aafc5eaf4c735fd91', '任务申请', 'e750134d22094ef3a611fe8300c351e9', '3', '1', '', '', '', 'icon-paste ', '1', '1', '', '2016-01-20 12:33:14', '2016-01-20 16:35:43');
INSERT INTO `jeegem_base_resources` VALUES ('a1b4ef2728d9456aa4e9a85d68c6029e', '文件上传', '82652011fe8549d18d4652567f7b1610', '2', '1', '/backstage/tool/webuploader/test/file', '', '', 'icon-folder-close ', '2', '1', '', '2016-01-06 17:54:09', null);
INSERT INTO `jeegem_base_resources` VALUES ('a201aa381c3447aeaae23bdb478b3a06', '删除流程', '18756082926f41329e51d74dda3abc80', '2', '3', '/backstage/workflow/process/del', '', 'del', 'icon-remove-sign color-red', '1', '1', '', '2016-01-19 17:47:55', '2016-01-19 18:03:39');
INSERT INTO `jeegem_base_resources` VALUES ('a213cc3a8be64a77b9d8673619230a87', '修改任务', 'a2eea33defc64462b3b3df9e64c461fb', '2', '3', '/backstage/task/scheduleJob/update', '', 'edit', 'icon-edit color-blue', '5', '1', '', '2015-12-24 12:42:10', '2015-12-24 20:35:35');
INSERT INTO `jeegem_base_resources` VALUES ('a2eea33defc64462b3b3df9e64c461fb', '定时任务管理', 'b78f7224d001404c92479532c614dffa', '2', '1', '/backstage/task/scheduleJob/index', '', '', 'icon-list-alt ', '1', '1', '', '2015-12-23 18:17:34', '2015-12-24 20:34:40');
INSERT INTO `jeegem_base_resources` VALUES ('ae8fea67b8434987b718c51fe83bb45d', '增加', '2', '1', '2', '/backstage/account/add', 'addBtn', '', 'icon-plus-sign color-green', '1', '1', '', '2015-11-15 17:34:33', '2015-11-24 14:52:44');
INSERT INTO `jeegem_base_resources` VALUES ('b776518dfdd940e394a15de3974a8610', '运行中流程', '58230413e8364b67af2bb65e64252260', '2', '1', '/backstage/workflow/instance/pro/index', '', '', 'icon-expand ', '1', '1', '', '2016-01-19 14:01:38', '2016-02-12 13:02:37');
INSERT INTO `jeegem_base_resources` VALUES ('b78f7224d001404c92479532c614dffa', '任务中心', '0', '2', '1', '', '', '', 'icon-bell-alt ', '7', '1', '', '2015-12-23 18:15:23', '2016-01-30 00:24:15');
INSERT INTO `jeegem_base_resources` VALUES ('b7d11fca02b04742814eb664454d7473', '地图工具', '08693c30017e4e45acff89d300067269', '2', '1', '/backstage/tool/map/index', '', '', 'icon-screenshot ', '3', '1', '', '2015-12-25 17:32:30', '2015-12-25 17:33:12');
INSERT INTO `jeegem_base_resources` VALUES ('b8203143736e4e549b2e0fc3c617d4c4', '转换模型', '18756082926f41329e51d74dda3abc80', '2', '3', '/backstage/workflow/process/convertToModel', '', 'convertToModel', 'icon-edit-sign color-gray', '2', '1', '', '2016-01-19 17:50:41', '2016-01-19 18:18:46');
INSERT INTO `jeegem_base_resources` VALUES ('bf888841c15e4da5858299ef99376eb4', '图片上传', '82652011fe8549d18d4652567f7b1610', '2', '1', '/backstage/tool/webuploader/test/img', '', '', 'icon-picture ', '1', '1', '', '2016-01-06 17:53:33', '2016-01-06 18:02:58');
INSERT INTO `jeegem_base_resources` VALUES ('c669fba98a9446999b62d15bfff1c412', '删除任务', 'a2eea33defc64462b3b3df9e64c461fb', '2', '3', '/backstage/task/scheduleJob/del', '', 'del', 'icon-remove-sign color-red', '6', '1', '', '2015-12-24 12:42:59', '2015-12-24 20:35:02');
INSERT INTO `jeegem_base_resources` VALUES ('c73d630ab1004b5a9b71836e8b000de9', '职务管理', '1', '1', '1', '/backstage/org/position/index', '', '', 'icon-user-md ', '3', '1', '', '2016-01-21 23:13:00', '2016-01-22 00:17:08');
INSERT INTO `jeegem_base_resources` VALUES ('c9c822f6c7b94650a6f3944c53738caf', '部署', '55e7a2d527564d9790b9f00a00d34634', '2', '3', '/backstage/workflow/model/deploy', '', 'deployModel', 'icon-retweet color-bright-blue', '2', '1', '', '2016-01-18 19:11:59', '2016-01-18 23:08:04');
INSERT INTO `jeegem_base_resources` VALUES ('cd7ef89bf12f4ceb98861cf2bcbc96b1', '查看', '10', '1', '3', '/backstage/sysDict/find', '', 'check', 'icon-zoom-in color-purple', '1', '1', '', '2015-11-16 16:37:11', '2015-11-24 14:25:48');
INSERT INTO `jeegem_base_resources` VALUES ('d22f22f0bc9a4ad2a6464cca6497a7b4', '批量删除角色', '3', '1', '2', '/backstage/org/role/delBatch', 'delBatchBtn', '', 'icon-trash color-red', '2', '1', '', '2015-11-13 15:21:16', '2016-01-22 12:43:12');
INSERT INTO `jeegem_base_resources` VALUES ('dbb1d5db4d7b419db1d221b102a7ad51', '批量删除', '14', '1', '2', '/backstage/dataDict/delBatch', 'delBatchBtn', '', 'icon-trash color-red', '2', '1', '', '2015-11-18 16:06:31', '2015-11-24 14:16:46');
INSERT INTO `jeegem_base_resources` VALUES ('dc4a83f740f54f6b89916321968cbcd3', '请假申请', 'a103f06e9c7f4e8aafc5eaf4c735fd91', '3', '1', '/backstage/workflow/online/apply/index', '', '', 'icon-paste ', '1', '1', '', '2016-01-20 16:45:09', '2016-01-20 17:40:09');
INSERT INTO `jeegem_base_resources` VALUES ('dde1c043e77d48b4ac2f15806a0aec14', '批量删除', '10', '1', '2', '/backstage/sysDict/delBatch', 'delBatchBtn', '', 'icon-trash color-red', '2', '1', '', '2015-11-16 16:30:33', '2015-11-24 14:24:50');
INSERT INTO `jeegem_base_resources` VALUES ('de998a250fcb4c2ab88981f2093d54f3', '查看任务', 'a2eea33defc64462b3b3df9e64c461fb', '2', '3', '/backstage/task/scheduleJob/find', '', 'check', 'icon-zoom-in color-purple', '4', '1', '', '2015-12-24 12:40:39', '2015-12-24 20:35:27');
INSERT INTO `jeegem_base_resources` VALUES ('e49f8b358da2404293f6ac4e7f7a7a30', '已结束任务', 'e750134d22094ef3a611fe8300c351e9', '3', '1', '/backstage/workflow/online/his/index', '', '', 'icon-save ', '4', '1', '', '2016-01-20 12:32:28', '2016-01-28 19:04:14');
INSERT INTO `jeegem_base_resources` VALUES ('e750134d22094ef3a611fe8300c351e9', '在线办公', '0', '3', '1', '', '', '', 'icon-bell ', '3', '1', '', '2016-01-20 11:49:47', '2016-01-30 00:24:41');
INSERT INTO `jeegem_base_resources` VALUES ('e9480dd6590a4e14a443ee8f76873fd3', '查看', '14', '1', '3', '/backstage/dataDict/find', '', 'check', 'icon-zoom-in color-purple', '1', '1', '', '2015-11-18 16:11:18', '2015-11-24 14:10:24');
INSERT INTO `jeegem_base_resources` VALUES ('ef3a950b6154459589acc7dd7145e0ed', '暂停任务', 'a2eea33defc64462b3b3df9e64c461fb', '2', '3', '/backstage/task/scheduleJob/pauseJob', '', 'pauseJob', 'icon-pause color-dark-gray', '3', '1', '', '2015-12-24 18:05:55', '2015-12-24 20:35:19');
INSERT INTO `jeegem_base_resources` VALUES ('f541a86e629d4eefb014309c921a237e', '运行中任务', 'e750134d22094ef3a611fe8300c351e9', '3', '1', '/backstage/workflow/online/run/index', '', '', 'icon-expand ', '3', '1', '', '2016-01-20 12:31:55', '2016-01-28 18:24:09');
INSERT INTO `jeegem_base_resources` VALUES ('fa04b6fe03944f2a9c040dbc9071af9b', '密码重置', '2', '1', '3', '/backstage/account/resetPwd', '', 'resetPwd', 'icon-unlock-alt color-pale-orange', '1', '1', '', '2015-11-16 10:49:17', '2015-11-26 17:16:54');

-- ----------------------------
-- Table structure for jeegem_base_role
-- ----------------------------
DROP TABLE IF EXISTS `jeegem_base_role`;
CREATE TABLE `jeegem_base_role` (
  `id` varchar(32) NOT NULL,
  `orgId` varchar(32) DEFAULT NULL,
  `name` varchar(50) DEFAULT NULL,
  `isValid` int(2) DEFAULT NULL,
  `description` varchar(50) DEFAULT NULL,
  `createTime` datetime DEFAULT NULL,
  `updateTime` datetime DEFAULT NULL,
  PRIMARY KEY (`id`)
) ENGINE=InnoDB DEFAULT CHARSET=utf8;

-- ----------------------------
-- Records of jeegem_base_role
-- ----------------------------
INSERT INTO `jeegem_base_role` VALUES ('0f9600afc9274f74b16db37a784a84dc', '11', '业务员', '1', '', '2015-12-14 23:07:42', null);
INSERT INTO `jeegem_base_role` VALUES ('1', '2', '普通角色', '1', '普通角色', null, '2015-11-24 15:12:08');
INSERT INTO `jeegem_base_role` VALUES ('2', '2', '管理员', '1', '管理员', null, null);
INSERT INTO `jeegem_base_role` VALUES ('20bd50a12fdf4290ba719c72bfc91849', '8f080b6180564157aa173cc26e44d1dd', '人事经理', '1', '', '2016-02-27 19:10:00', null);
INSERT INTO `jeegem_base_role` VALUES ('3', '4', '超级管理员', '1', '超级管理员', null, '2015-12-10 01:28:51');
INSERT INTO `jeegem_base_role` VALUES ('4', '4', '开发者', '1', '开发者', null, null);

-- ----------------------------
-- Table structure for jeegem_base_role_resources
-- ----------------------------
DROP TABLE IF EXISTS `jeegem_base_role_resources`;
CREATE TABLE `jeegem_base_role_resources` (
  `role_id` varchar(32) NOT NULL,
  `resources_id` varchar(32) NOT NULL,
  PRIMARY KEY (`role_id`,`resources_id`)
) ENGINE=InnoDB DEFAULT CHARSET=utf8;

-- ----------------------------
-- Records of jeegem_base_role_resources
-- ----------------------------
INSERT INTO `jeegem_base_role_resources` VALUES ('0f9600afc9274f74b16db37a784a84dc', '08693c30017e4e45acff89d300067269');
INSERT INTO `jeegem_base_role_resources` VALUES ('0f9600afc9274f74b16db37a784a84dc', '79a76d451f3948f4963b97b6d5bbbf3c');
INSERT INTO `jeegem_base_role_resources` VALUES ('1', '1');
INSERT INTO `jeegem_base_role_resources` VALUES ('1', '2');
INSERT INTO `jeegem_base_role_resources` VALUES ('2', '1');
INSERT INTO `jeegem_base_role_resources` VALUES ('2', '10');
INSERT INTO `jeegem_base_role_resources` VALUES ('2', '13');
INSERT INTO `jeegem_base_role_resources` VALUES ('2', '14');
INSERT INTO `jeegem_base_role_resources` VALUES ('2', '15a7d1cec70c47bdbfd41c7f9c694481');
INSERT INTO `jeegem_base_role_resources` VALUES ('2', '161848b9e16e410e9d3fac6f9c91cad5');
INSERT INTO `jeegem_base_role_resources` VALUES ('2', '1e2cd5e710224cf0ba09bbe5d4ee0009');
INSERT INTO `jeegem_base_role_resources` VALUES ('2', '2');
INSERT INTO `jeegem_base_role_resources` VALUES ('2', '21feb456e503484280232730687149f2');
INSERT INTO `jeegem_base_role_resources` VALUES ('2', '28d4a82889c341bdaceab323b9549245');
INSERT INTO `jeegem_base_role_resources` VALUES ('2', '3');
INSERT INTO `jeegem_base_role_resources` VALUES ('2', '34507436438c4c7eb9803fa160c2af3c');
INSERT INTO `jeegem_base_role_resources` VALUES ('2', '3f184c74379c4b668030ba9e55c9caa3');
INSERT INTO `jeegem_base_role_resources` VALUES ('2', '4');
INSERT INTO `jeegem_base_role_resources` VALUES ('2', '41');
INSERT INTO `jeegem_base_role_resources` VALUES ('2', '42a2938acb5e4a26b5ec2cc6089b7c2e');
INSERT INTO `jeegem_base_role_resources` VALUES ('2', '4c97ca25b7e940948b3d403c3b091c81');
INSERT INTO `jeegem_base_role_resources` VALUES ('2', '4ee50d1722a34edeb6c15bdbf29e556b');
INSERT INTO `jeegem_base_role_resources` VALUES ('2', '51aa6b0b037340b9ae88d22d2a354acf');
INSERT INTO `jeegem_base_role_resources` VALUES ('2', '5ba75d14f5b74572bd5ff35d12c58060');
INSERT INTO `jeegem_base_role_resources` VALUES ('2', '6d44f1553c424e5c81bd3ed9a4e162f3');
INSERT INTO `jeegem_base_role_resources` VALUES ('2', '6ea62cf0820248a6a2780a885b82a99d');
INSERT INTO `jeegem_base_role_resources` VALUES ('2', '75288771d60d4510affe8cb97f42897f');
INSERT INTO `jeegem_base_role_resources` VALUES ('2', '78b1bf1c0723433099c458e75a8c6901');
INSERT INTO `jeegem_base_role_resources` VALUES ('2', '83984d22f9da4991833f506695307b6f');
INSERT INTO `jeegem_base_role_resources` VALUES ('2', '89ff6bdf54ca4501a264adba8eb0ee39');
INSERT INTO `jeegem_base_role_resources` VALUES ('2', '9575841c8b6a4c58b10e97d82320fd02');
INSERT INTO `jeegem_base_role_resources` VALUES ('2', 'ae8fea67b8434987b718c51fe83bb45d');
INSERT INTO `jeegem_base_role_resources` VALUES ('2', 'cd7ef89bf12f4ceb98861cf2bcbc96b1');
INSERT INTO `jeegem_base_role_resources` VALUES ('2', 'd22f22f0bc9a4ad2a6464cca6497a7b4');
INSERT INTO `jeegem_base_role_resources` VALUES ('2', 'dbb1d5db4d7b419db1d221b102a7ad51');
INSERT INTO `jeegem_base_role_resources` VALUES ('2', 'dde1c043e77d48b4ac2f15806a0aec14');
INSERT INTO `jeegem_base_role_resources` VALUES ('2', 'e9480dd6590a4e14a443ee8f76873fd3');
INSERT INTO `jeegem_base_role_resources` VALUES ('2', 'fa04b6fe03944f2a9c040dbc9071af9b');
INSERT INTO `jeegem_base_role_resources` VALUES ('20bd50a12fdf4290ba719c72bfc91849', '1');
INSERT INTO `jeegem_base_role_resources` VALUES ('20bd50a12fdf4290ba719c72bfc91849', '11');
INSERT INTO `jeegem_base_role_resources` VALUES ('20bd50a12fdf4290ba719c72bfc91849', '15a7d1cec70c47bdbfd41c7f9c694481');
INSERT INTO `jeegem_base_role_resources` VALUES ('20bd50a12fdf4290ba719c72bfc91849', '17325e24f35348fd9a287152e3ea8b75');
INSERT INTO `jeegem_base_role_resources` VALUES ('20bd50a12fdf4290ba719c72bfc91849', '18756082926f41329e51d74dda3abc80');
INSERT INTO `jeegem_base_role_resources` VALUES ('20bd50a12fdf4290ba719c72bfc91849', '1d906f69a7274cbd8b316903e66fc580');
INSERT INTO `jeegem_base_role_resources` VALUES ('20bd50a12fdf4290ba719c72bfc91849', '1e2cd5e710224cf0ba09bbe5d4ee0009');
INSERT INTO `jeegem_base_role_resources` VALUES ('20bd50a12fdf4290ba719c72bfc91849', '2');
INSERT INTO `jeegem_base_role_resources` VALUES ('20bd50a12fdf4290ba719c72bfc91849', '3');
INSERT INTO `jeegem_base_role_resources` VALUES ('20bd50a12fdf4290ba719c72bfc91849', '42a2938acb5e4a26b5ec2cc6089b7c2e');
INSERT INTO `jeegem_base_role_resources` VALUES ('20bd50a12fdf4290ba719c72bfc91849', '47ff0c409f314b07b52ba13f1bb81586');
INSERT INTO `jeegem_base_role_resources` VALUES ('20bd50a12fdf4290ba719c72bfc91849', '4c97ca25b7e940948b3d403c3b091c81');
INSERT INTO `jeegem_base_role_resources` VALUES ('20bd50a12fdf4290ba719c72bfc91849', '4ee50d1722a34edeb6c15bdbf29e556b');
INSERT INTO `jeegem_base_role_resources` VALUES ('20bd50a12fdf4290ba719c72bfc91849', '51aa6b0b037340b9ae88d22d2a354acf');
INSERT INTO `jeegem_base_role_resources` VALUES ('20bd50a12fdf4290ba719c72bfc91849', '52910f91bf3e4b71af4ded1ef67bba48');
INSERT INTO `jeegem_base_role_resources` VALUES ('20bd50a12fdf4290ba719c72bfc91849', '55e7a2d527564d9790b9f00a00d34634');
INSERT INTO `jeegem_base_role_resources` VALUES ('20bd50a12fdf4290ba719c72bfc91849', '58230413e8364b67af2bb65e64252260');
INSERT INTO `jeegem_base_role_resources` VALUES ('20bd50a12fdf4290ba719c72bfc91849', '5ba75d14f5b74572bd5ff35d12c58060');
INSERT INTO `jeegem_base_role_resources` VALUES ('20bd50a12fdf4290ba719c72bfc91849', '72cbdeff2aea4aea8f348bb6d779a87d');
INSERT INTO `jeegem_base_role_resources` VALUES ('20bd50a12fdf4290ba719c72bfc91849', '7537535a8b5d44009f52a3e84ca5dfd8');
INSERT INTO `jeegem_base_role_resources` VALUES ('20bd50a12fdf4290ba719c72bfc91849', '83984d22f9da4991833f506695307b6f');
INSERT INTO `jeegem_base_role_resources` VALUES ('20bd50a12fdf4290ba719c72bfc91849', '89ff6bdf54ca4501a264adba8eb0ee39');
INSERT INTO `jeegem_base_role_resources` VALUES ('20bd50a12fdf4290ba719c72bfc91849', '9bc994928cc64fdca432fcad2a0b3ba9');
INSERT INTO `jeegem_base_role_resources` VALUES ('20bd50a12fdf4290ba719c72bfc91849', '9cff3045dd824773a70c5a887a2f71ef');
INSERT INTO `jeegem_base_role_resources` VALUES ('20bd50a12fdf4290ba719c72bfc91849', 'a103f06e9c7f4e8aafc5eaf4c735fd91');
INSERT INTO `jeegem_base_role_resources` VALUES ('20bd50a12fdf4290ba719c72bfc91849', 'a201aa381c3447aeaae23bdb478b3a06');
INSERT INTO `jeegem_base_role_resources` VALUES ('20bd50a12fdf4290ba719c72bfc91849', 'ae8fea67b8434987b718c51fe83bb45d');
INSERT INTO `jeegem_base_role_resources` VALUES ('20bd50a12fdf4290ba719c72bfc91849', 'b776518dfdd940e394a15de3974a8610');
INSERT INTO `jeegem_base_role_resources` VALUES ('20bd50a12fdf4290ba719c72bfc91849', 'b8203143736e4e549b2e0fc3c617d4c4');
INSERT INTO `jeegem_base_role_resources` VALUES ('20bd50a12fdf4290ba719c72bfc91849', 'c73d630ab1004b5a9b71836e8b000de9');
INSERT INTO `jeegem_base_role_resources` VALUES ('20bd50a12fdf4290ba719c72bfc91849', 'c9c822f6c7b94650a6f3944c53738caf');
INSERT INTO `jeegem_base_role_resources` VALUES ('20bd50a12fdf4290ba719c72bfc91849', 'd22f22f0bc9a4ad2a6464cca6497a7b4');
INSERT INTO `jeegem_base_role_resources` VALUES ('20bd50a12fdf4290ba719c72bfc91849', 'dc4a83f740f54f6b89916321968cbcd3');
INSERT INTO `jeegem_base_role_resources` VALUES ('20bd50a12fdf4290ba719c72bfc91849', 'e49f8b358da2404293f6ac4e7f7a7a30');
INSERT INTO `jeegem_base_role_resources` VALUES ('20bd50a12fdf4290ba719c72bfc91849', 'e750134d22094ef3a611fe8300c351e9');
INSERT INTO `jeegem_base_role_resources` VALUES ('20bd50a12fdf4290ba719c72bfc91849', 'f541a86e629d4eefb014309c921a237e');
INSERT INTO `jeegem_base_role_resources` VALUES ('20bd50a12fdf4290ba719c72bfc91849', 'fa04b6fe03944f2a9c040dbc9071af9b');
INSERT INTO `jeegem_base_role_resources` VALUES ('3', '0576a0a5825a4c1eafb0fb88369e77f6');
INSERT INTO `jeegem_base_role_resources` VALUES ('3', '08693c30017e4e45acff89d300067269');
INSERT INTO `jeegem_base_role_resources` VALUES ('3', '0f5747e8beb24a15899cfd0c0f4c42c0');
INSERT INTO `jeegem_base_role_resources` VALUES ('3', '1');
INSERT INTO `jeegem_base_role_resources` VALUES ('3', '10');
INSERT INTO `jeegem_base_role_resources` VALUES ('3', '100');
INSERT INTO `jeegem_base_role_resources` VALUES ('3', '101');
INSERT INTO `jeegem_base_role_resources` VALUES ('3', '102');
INSERT INTO `jeegem_base_role_resources` VALUES ('3', '103');
INSERT INTO `jeegem_base_role_resources` VALUES ('3', '11');
INSERT INTO `jeegem_base_role_resources` VALUES ('3', '12');
INSERT INTO `jeegem_base_role_resources` VALUES ('3', '13');
INSERT INTO `jeegem_base_role_resources` VALUES ('3', '14');
INSERT INTO `jeegem_base_role_resources` VALUES ('3', '15a7d1cec70c47bdbfd41c7f9c694481');
INSERT INTO `jeegem_base_role_resources` VALUES ('3', '161848b9e16e410e9d3fac6f9c91cad5');
INSERT INTO `jeegem_base_role_resources` VALUES ('3', '18756082926f41329e51d74dda3abc80');
INSERT INTO `jeegem_base_role_resources` VALUES ('3', '1bc2c9d3d8e644f1a25ce8321f2faf13');
INSERT INTO `jeegem_base_role_resources` VALUES ('3', '1d906f69a7274cbd8b316903e66fc580');
INSERT INTO `jeegem_base_role_resources` VALUES ('3', '1e2cd5e710224cf0ba09bbe5d4ee0009');
INSERT INTO `jeegem_base_role_resources` VALUES ('3', '1e87cc3913914c8aa80116270ed03a75');
INSERT INTO `jeegem_base_role_resources` VALUES ('3', '2');
INSERT INTO `jeegem_base_role_resources` VALUES ('3', '21feb456e503484280232730687149f2');
INSERT INTO `jeegem_base_role_resources` VALUES ('3', '25a4bc9c184a4d6c904ce7a3ccb26aae');
INSERT INTO `jeegem_base_role_resources` VALUES ('3', '273e05eb764f48c18f832520e7ce141e');
INSERT INTO `jeegem_base_role_resources` VALUES ('3', '28d4a82889c341bdaceab323b9549245');
INSERT INTO `jeegem_base_role_resources` VALUES ('3', '3');
INSERT INTO `jeegem_base_role_resources` VALUES ('3', '31b0fe86acea4fceb184aecfe521ff0d');
INSERT INTO `jeegem_base_role_resources` VALUES ('3', '343914e32c3b458ba797c080b0dfbf85');
INSERT INTO `jeegem_base_role_resources` VALUES ('3', '34507436438c4c7eb9803fa160c2af3c');
INSERT INTO `jeegem_base_role_resources` VALUES ('3', '3f184c74379c4b668030ba9e55c9caa3');
INSERT INTO `jeegem_base_role_resources` VALUES ('3', '4');
INSERT INTO `jeegem_base_role_resources` VALUES ('3', '40a146e3febf4cafb930a077f1f048d3');
INSERT INTO `jeegem_base_role_resources` VALUES ('3', '41');
INSERT INTO `jeegem_base_role_resources` VALUES ('3', '42a2938acb5e4a26b5ec2cc6089b7c2e');
INSERT INTO `jeegem_base_role_resources` VALUES ('3', '47ff0c409f314b07b52ba13f1bb81586');
INSERT INTO `jeegem_base_role_resources` VALUES ('3', '4c97ca25b7e940948b3d403c3b091c81');
INSERT INTO `jeegem_base_role_resources` VALUES ('3', '4ee50d1722a34edeb6c15bdbf29e556b');
INSERT INTO `jeegem_base_role_resources` VALUES ('3', '4f057f1a6d05416fbb06206b2aaffb10');
INSERT INTO `jeegem_base_role_resources` VALUES ('3', '5');
INSERT INTO `jeegem_base_role_resources` VALUES ('3', '51424721ec1c4574b2f2a7bc1833c17f');
INSERT INTO `jeegem_base_role_resources` VALUES ('3', '51aa6b0b037340b9ae88d22d2a354acf');
INSERT INTO `jeegem_base_role_resources` VALUES ('3', '52910f91bf3e4b71af4ded1ef67bba48');
INSERT INTO `jeegem_base_role_resources` VALUES ('3', '55053558dc4f4ab0983337386969aced');
INSERT INTO `jeegem_base_role_resources` VALUES ('3', '55e7a2d527564d9790b9f00a00d34634');
INSERT INTO `jeegem_base_role_resources` VALUES ('3', '58230413e8364b67af2bb65e64252260');
INSERT INTO `jeegem_base_role_resources` VALUES ('3', '5ba75d14f5b74572bd5ff35d12c58060');
INSERT INTO `jeegem_base_role_resources` VALUES ('3', '5d1b45e9b6a84bccb212758ce8f2e906');
INSERT INTO `jeegem_base_role_resources` VALUES ('3', '6');
INSERT INTO `jeegem_base_role_resources` VALUES ('3', '6d44f1553c424e5c81bd3ed9a4e162f3');
INSERT INTO `jeegem_base_role_resources` VALUES ('3', '6ea62cf0820248a6a2780a885b82a99d');
INSERT INTO `jeegem_base_role_resources` VALUES ('3', '72cbdeff2aea4aea8f348bb6d779a87d');
INSERT INTO `jeegem_base_role_resources` VALUES ('3', '747a8ddc90b844c3a12dbe920e777052');
INSERT INTO `jeegem_base_role_resources` VALUES ('3', '75288771d60d4510affe8cb97f42897f');
INSERT INTO `jeegem_base_role_resources` VALUES ('3', '7579afb168b04a3d99fff9dbe956936e');
INSERT INTO `jeegem_base_role_resources` VALUES ('3', '78b1bf1c0723433099c458e75a8c6901');
INSERT INTO `jeegem_base_role_resources` VALUES ('3', '79a76d451f3948f4963b97b6d5bbbf3c');
INSERT INTO `jeegem_base_role_resources` VALUES ('3', '7b30d8d43df347ada558df820bbec28b');
INSERT INTO `jeegem_base_role_resources` VALUES ('3', '7c1741c605c148c29113ac804f68f52b');
INSERT INTO `jeegem_base_role_resources` VALUES ('3', '7d6a6b7594b14807a3def610f6595804');
INSERT INTO `jeegem_base_role_resources` VALUES ('3', '82652011fe8549d18d4652567f7b1610');
INSERT INTO `jeegem_base_role_resources` VALUES ('3', '83984d22f9da4991833f506695307b6f');
INSERT INTO `jeegem_base_role_resources` VALUES ('3', '89ff6bdf54ca4501a264adba8eb0ee39');
INSERT INTO `jeegem_base_role_resources` VALUES ('3', '9575841c8b6a4c58b10e97d82320fd02');
INSERT INTO `jeegem_base_role_resources` VALUES ('3', '9ba1dbda9e414eff8591cda4aea34c32');
INSERT INTO `jeegem_base_role_resources` VALUES ('3', '9bc994928cc64fdca432fcad2a0b3ba9');
INSERT INTO `jeegem_base_role_resources` VALUES ('3', '9bd48a7e0ca74b77b577411c8e4b7c2b');
INSERT INTO `jeegem_base_role_resources` VALUES ('3', '9cff3045dd824773a70c5a887a2f71ef');
INSERT INTO `jeegem_base_role_resources` VALUES ('3', 'a103f06e9c7f4e8aafc5eaf4c735fd91');
INSERT INTO `jeegem_base_role_resources` VALUES ('3', 'a1b4ef2728d9456aa4e9a85d68c6029e');
INSERT INTO `jeegem_base_role_resources` VALUES ('3', 'a201aa381c3447aeaae23bdb478b3a06');
INSERT INTO `jeegem_base_role_resources` VALUES ('3', 'a213cc3a8be64a77b9d8673619230a87');
INSERT INTO `jeegem_base_role_resources` VALUES ('3', 'a2eea33defc64462b3b3df9e64c461fb');
INSERT INTO `jeegem_base_role_resources` VALUES ('3', 'ae8fea67b8434987b718c51fe83bb45d');
INSERT INTO `jeegem_base_role_resources` VALUES ('3', 'b776518dfdd940e394a15de3974a8610');
INSERT INTO `jeegem_base_role_resources` VALUES ('3', 'b78f7224d001404c92479532c614dffa');
INSERT INTO `jeegem_base_role_resources` VALUES ('3', 'b7d11fca02b04742814eb664454d7473');
INSERT INTO `jeegem_base_role_resources` VALUES ('3', 'b8203143736e4e549b2e0fc3c617d4c4');
INSERT INTO `jeegem_base_role_resources` VALUES ('3', 'bf888841c15e4da5858299ef99376eb4');
INSERT INTO `jeegem_base_role_resources` VALUES ('3', 'c669fba98a9446999b62d15bfff1c412');
INSERT INTO `jeegem_base_role_resources` VALUES ('3', 'c9c822f6c7b94650a6f3944c53738caf');
INSERT INTO `jeegem_base_role_resources` VALUES ('3', 'cd7ef89bf12f4ceb98861cf2bcbc96b1');
INSERT INTO `jeegem_base_role_resources` VALUES ('3', 'd22f22f0bc9a4ad2a6464cca6497a7b4');
INSERT INTO `jeegem_base_role_resources` VALUES ('3', 'dbb1d5db4d7b419db1d221b102a7ad51');
INSERT INTO `jeegem_base_role_resources` VALUES ('3', 'dc4a83f740f54f6b89916321968cbcd3');
INSERT INTO `jeegem_base_role_resources` VALUES ('3', 'dde1c043e77d48b4ac2f15806a0aec14');
INSERT INTO `jeegem_base_role_resources` VALUES ('3', 'de998a250fcb4c2ab88981f2093d54f3');
INSERT INTO `jeegem_base_role_resources` VALUES ('3', 'e49f8b358da2404293f6ac4e7f7a7a30');
INSERT INTO `jeegem_base_role_resources` VALUES ('3', 'e750134d22094ef3a611fe8300c351e9');
INSERT INTO `jeegem_base_role_resources` VALUES ('3', 'e9480dd6590a4e14a443ee8f76873fd3');
INSERT INTO `jeegem_base_role_resources` VALUES ('3', 'ef3a950b6154459589acc7dd7145e0ed');
INSERT INTO `jeegem_base_role_resources` VALUES ('3', 'f541a86e629d4eefb014309c921a237e');
INSERT INTO `jeegem_base_role_resources` VALUES ('3', 'fa04b6fe03944f2a9c040dbc9071af9b');
INSERT INTO `jeegem_base_role_resources` VALUES ('4', '0576a0a5825a4c1eafb0fb88369e77f6');
INSERT INTO `jeegem_base_role_resources` VALUES ('4', '08693c30017e4e45acff89d300067269');
INSERT INTO `jeegem_base_role_resources` VALUES ('4', '0f5747e8beb24a15899cfd0c0f4c42c0');
INSERT INTO `jeegem_base_role_resources` VALUES ('4', '1');
INSERT INTO `jeegem_base_role_resources` VALUES ('4', '10');
INSERT INTO `jeegem_base_role_resources` VALUES ('4', '100');
INSERT INTO `jeegem_base_role_resources` VALUES ('4', '101');
INSERT INTO `jeegem_base_role_resources` VALUES ('4', '102');
INSERT INTO `jeegem_base_role_resources` VALUES ('4', '103');
INSERT INTO `jeegem_base_role_resources` VALUES ('4', '11');
INSERT INTO `jeegem_base_role_resources` VALUES ('4', '12');
INSERT INTO `jeegem_base_role_resources` VALUES ('4', '13');
INSERT INTO `jeegem_base_role_resources` VALUES ('4', '14');
INSERT INTO `jeegem_base_role_resources` VALUES ('4', '15a7d1cec70c47bdbfd41c7f9c694481');
INSERT INTO `jeegem_base_role_resources` VALUES ('4', '161848b9e16e410e9d3fac6f9c91cad5');
INSERT INTO `jeegem_base_role_resources` VALUES ('4', '17325e24f35348fd9a287152e3ea8b75');
INSERT INTO `jeegem_base_role_resources` VALUES ('4', '18756082926f41329e51d74dda3abc80');
INSERT INTO `jeegem_base_role_resources` VALUES ('4', '1bc2c9d3d8e644f1a25ce8321f2faf13');
INSERT INTO `jeegem_base_role_resources` VALUES ('4', '1d906f69a7274cbd8b316903e66fc580');
INSERT INTO `jeegem_base_role_resources` VALUES ('4', '1e2cd5e710224cf0ba09bbe5d4ee0009');
INSERT INTO `jeegem_base_role_resources` VALUES ('4', '1e87cc3913914c8aa80116270ed03a75');
INSERT INTO `jeegem_base_role_resources` VALUES ('4', '2');
INSERT INTO `jeegem_base_role_resources` VALUES ('4', '21feb456e503484280232730687149f2');
INSERT INTO `jeegem_base_role_resources` VALUES ('4', '25a4bc9c184a4d6c904ce7a3ccb26aae');
INSERT INTO `jeegem_base_role_resources` VALUES ('4', '273e05eb764f48c18f832520e7ce141e');
INSERT INTO `jeegem_base_role_resources` VALUES ('4', '28d4a82889c341bdaceab323b9549245');
INSERT INTO `jeegem_base_role_resources` VALUES ('4', '3');
INSERT INTO `jeegem_base_role_resources` VALUES ('4', '31b0fe86acea4fceb184aecfe521ff0d');
INSERT INTO `jeegem_base_role_resources` VALUES ('4', '332072af224d42a4b2f340f30355b1e1');
INSERT INTO `jeegem_base_role_resources` VALUES ('4', '343914e32c3b458ba797c080b0dfbf85');
INSERT INTO `jeegem_base_role_resources` VALUES ('4', '34507436438c4c7eb9803fa160c2af3c');
INSERT INTO `jeegem_base_role_resources` VALUES ('4', '3f184c74379c4b668030ba9e55c9caa3');
INSERT INTO `jeegem_base_role_resources` VALUES ('4', '4');
INSERT INTO `jeegem_base_role_resources` VALUES ('4', '4021171e506b47c083c77a2b96660031');
INSERT INTO `jeegem_base_role_resources` VALUES ('4', '404');
INSERT INTO `jeegem_base_role_resources` VALUES ('4', '40a146e3febf4cafb930a077f1f048d3');
INSERT INTO `jeegem_base_role_resources` VALUES ('4', '41');
INSERT INTO `jeegem_base_role_resources` VALUES ('4', '42a2938acb5e4a26b5ec2cc6089b7c2e');
INSERT INTO `jeegem_base_role_resources` VALUES ('4', '47ff0c409f314b07b52ba13f1bb81586');
INSERT INTO `jeegem_base_role_resources` VALUES ('4', '4c97ca25b7e940948b3d403c3b091c81');
INSERT INTO `jeegem_base_role_resources` VALUES ('4', '4ee50d1722a34edeb6c15bdbf29e556b');
INSERT INTO `jeegem_base_role_resources` VALUES ('4', '4f057f1a6d05416fbb06206b2aaffb10');
INSERT INTO `jeegem_base_role_resources` VALUES ('4', '5');
INSERT INTO `jeegem_base_role_resources` VALUES ('4', '51424721ec1c4574b2f2a7bc1833c17f');
INSERT INTO `jeegem_base_role_resources` VALUES ('4', '51aa6b0b037340b9ae88d22d2a354acf');
INSERT INTO `jeegem_base_role_resources` VALUES ('4', '52910f91bf3e4b71af4ded1ef67bba48');
INSERT INTO `jeegem_base_role_resources` VALUES ('4', '55053558dc4f4ab0983337386969aced');
INSERT INTO `jeegem_base_role_resources` VALUES ('4', '55e7a2d527564d9790b9f00a00d34634');
INSERT INTO `jeegem_base_role_resources` VALUES ('4', '58230413e8364b67af2bb65e64252260');
INSERT INTO `jeegem_base_role_resources` VALUES ('4', '5ba75d14f5b74572bd5ff35d12c58060');
INSERT INTO `jeegem_base_role_resources` VALUES ('4', '5d1b45e9b6a84bccb212758ce8f2e906');
INSERT INTO `jeegem_base_role_resources` VALUES ('4', '6');
INSERT INTO `jeegem_base_role_resources` VALUES ('4', '6d44f1553c424e5c81bd3ed9a4e162f3');
INSERT INTO `jeegem_base_role_resources` VALUES ('4', '6ea62cf0820248a6a2780a885b82a99d');
INSERT INTO `jeegem_base_role_resources` VALUES ('4', '72cbdeff2aea4aea8f348bb6d779a87d');
INSERT INTO `jeegem_base_role_resources` VALUES ('4', '747a8ddc90b844c3a12dbe920e777052');
INSERT INTO `jeegem_base_role_resources` VALUES ('4', '75288771d60d4510affe8cb97f42897f');
INSERT INTO `jeegem_base_role_resources` VALUES ('4', '7537535a8b5d44009f52a3e84ca5dfd8');
INSERT INTO `jeegem_base_role_resources` VALUES ('4', '7579afb168b04a3d99fff9dbe956936e');
INSERT INTO `jeegem_base_role_resources` VALUES ('4', '78b1bf1c0723433099c458e75a8c6901');
INSERT INTO `jeegem_base_role_resources` VALUES ('4', '79a76d451f3948f4963b97b6d5bbbf3c');
INSERT INTO `jeegem_base_role_resources` VALUES ('4', '7b30d8d43df347ada558df820bbec28b');
INSERT INTO `jeegem_base_role_resources` VALUES ('4', '7c1741c605c148c29113ac804f68f52b');
INSERT INTO `jeegem_base_role_resources` VALUES ('4', '7d6a6b7594b14807a3def610f6595804');
INSERT INTO `jeegem_base_role_resources` VALUES ('4', '82652011fe8549d18d4652567f7b1610');
INSERT INTO `jeegem_base_role_resources` VALUES ('4', '83984d22f9da4991833f506695307b6f');
INSERT INTO `jeegem_base_role_resources` VALUES ('4', '89ff6bdf54ca4501a264adba8eb0ee39');
INSERT INTO `jeegem_base_role_resources` VALUES ('4', '8cc0bcbb9bae4ebe81d263de37ef15a6');
INSERT INTO `jeegem_base_role_resources` VALUES ('4', '9037c1737a904fc3bf18e0ef7a6b6e05');
INSERT INTO `jeegem_base_role_resources` VALUES ('4', '9575841c8b6a4c58b10e97d82320fd02');
INSERT INTO `jeegem_base_role_resources` VALUES ('4', '9727f259cd8542fc8756b7b9cee9dd54');
INSERT INTO `jeegem_base_role_resources` VALUES ('4', '9ba1dbda9e414eff8591cda4aea34c32');
INSERT INTO `jeegem_base_role_resources` VALUES ('4', '9bc994928cc64fdca432fcad2a0b3ba9');
INSERT INTO `jeegem_base_role_resources` VALUES ('4', '9bd48a7e0ca74b77b577411c8e4b7c2b');
INSERT INTO `jeegem_base_role_resources` VALUES ('4', '9cff3045dd824773a70c5a887a2f71ef');
INSERT INTO `jeegem_base_role_resources` VALUES ('4', 'a103f06e9c7f4e8aafc5eaf4c735fd91');
INSERT INTO `jeegem_base_role_resources` VALUES ('4', 'a1b4ef2728d9456aa4e9a85d68c6029e');
INSERT INTO `jeegem_base_role_resources` VALUES ('4', 'a201aa381c3447aeaae23bdb478b3a06');
INSERT INTO `jeegem_base_role_resources` VALUES ('4', 'a213cc3a8be64a77b9d8673619230a87');
INSERT INTO `jeegem_base_role_resources` VALUES ('4', 'a2eea33defc64462b3b3df9e64c461fb');
INSERT INTO `jeegem_base_role_resources` VALUES ('4', 'ae8fea67b8434987b718c51fe83bb45d');
INSERT INTO `jeegem_base_role_resources` VALUES ('4', 'b776518dfdd940e394a15de3974a8610');
INSERT INTO `jeegem_base_role_resources` VALUES ('4', 'b78f7224d001404c92479532c614dffa');
INSERT INTO `jeegem_base_role_resources` VALUES ('4', 'b7d11fca02b04742814eb664454d7473');
INSERT INTO `jeegem_base_role_resources` VALUES ('4', 'b8203143736e4e549b2e0fc3c617d4c4');
INSERT INTO `jeegem_base_role_resources` VALUES ('4', 'bf888841c15e4da5858299ef99376eb4');
INSERT INTO `jeegem_base_role_resources` VALUES ('4', 'c669fba98a9446999b62d15bfff1c412');
INSERT INTO `jeegem_base_role_resources` VALUES ('4', 'c73d630ab1004b5a9b71836e8b000de9');
INSERT INTO `jeegem_base_role_resources` VALUES ('4', 'c9c822f6c7b94650a6f3944c53738caf');
INSERT INTO `jeegem_base_role_resources` VALUES ('4', 'cd7ef89bf12f4ceb98861cf2bcbc96b1');
INSERT INTO `jeegem_base_role_resources` VALUES ('4', 'd22f22f0bc9a4ad2a6464cca6497a7b4');
INSERT INTO `jeegem_base_role_resources` VALUES ('4', 'dbb1d5db4d7b419db1d221b102a7ad51');
INSERT INTO `jeegem_base_role_resources` VALUES ('4', 'dc4a83f740f54f6b89916321968cbcd3');
INSERT INTO `jeegem_base_role_resources` VALUES ('4', 'dde1c043e77d48b4ac2f15806a0aec14');
INSERT INTO `jeegem_base_role_resources` VALUES ('4', 'de998a250fcb4c2ab88981f2093d54f3');
INSERT INTO `jeegem_base_role_resources` VALUES ('4', 'e49f8b358da2404293f6ac4e7f7a7a30');
INSERT INTO `jeegem_base_role_resources` VALUES ('4', 'e750134d22094ef3a611fe8300c351e9');
INSERT INTO `jeegem_base_role_resources` VALUES ('4', 'e9480dd6590a4e14a443ee8f76873fd3');
INSERT INTO `jeegem_base_role_resources` VALUES ('4', 'ef3a950b6154459589acc7dd7145e0ed');
INSERT INTO `jeegem_base_role_resources` VALUES ('4', 'f541a86e629d4eefb014309c921a237e');
INSERT INTO `jeegem_base_role_resources` VALUES ('4', 'fa04b6fe03944f2a9c040dbc9071af9b');

-- ----------------------------
-- Table structure for jeegem_data_dict
-- ----------------------------
DROP TABLE IF EXISTS `jeegem_data_dict`;
CREATE TABLE `jeegem_data_dict` (
  `id` varchar(32) NOT NULL,
  `dataKey` varchar(32) NOT NULL,
  `name` varchar(64) DEFAULT NULL,
  `isValid` int(2) NOT NULL DEFAULT '0',
  `description` varchar(128) DEFAULT NULL,
  `createTime` datetime DEFAULT NULL,
  `updateTime` datetime DEFAULT NULL,
  PRIMARY KEY (`id`)
) ENGINE=InnoDB DEFAULT CHARSET=utf8;

-- ----------------------------
-- Records of jeegem_data_dict
-- ----------------------------
INSERT INTO `jeegem_data_dict` VALUES ('3900a412e51e43ff83a08c732095b2a3', 'leaveType', '请假类型', '1', '请假申请使用', '2016-01-21 12:56:25', null);
INSERT INTO `jeegem_data_dict` VALUES ('741cae2856aa43d3bb6cc60c8ed2d8a9', 'isTask', '任务状态', '1', '任务使用', '2015-12-24 13:01:11', '2015-12-30 20:12:35');
INSERT INTO `jeegem_data_dict` VALUES ('9f5bf53e0027414c96002f8a1114aaf6', 'positionType', '职务类别', '1', '职务管理使用', '2016-01-22 16:13:58', '2016-01-22 16:14:13');
INSERT INTO `jeegem_data_dict` VALUES ('aac903e055014b68a3f09f8eb9ace6bc', 'logType', '日志类型', '1', '日志使用', '2015-12-24 20:39:15', '2015-12-24 20:39:25');
INSERT INTO `jeegem_data_dict` VALUES ('d6336e1e3ba64dfd885e930eb9d88e32', 'isValid', '状态', '1', '全局使用', '2015-11-20 15:56:20', '2015-12-09 20:56:38');
INSERT INTO `jeegem_data_dict` VALUES ('e9e083a918dd407aa5d710cdcd3b46a1', '1', '1', '1', '1', '2016-01-26 21:42:16', null);
INSERT INTO `jeegem_data_dict` VALUES ('ebf0c2e03e0340048ee53e3e7c3f0805', 'wxSubscribe', '订阅情况', '1', '微信关注者使用', '2015-12-30 15:33:27', null);

-- ----------------------------
-- Table structure for jeegem_data_dict_item
-- ----------------------------
DROP TABLE IF EXISTS `jeegem_data_dict_item`;
CREATE TABLE `jeegem_data_dict_item` (
  `dictId` varchar(32) NOT NULL,
  `value` varchar(64) NOT NULL,
  `name` varchar(32) NOT NULL,
  `sort` int(10) NOT NULL,
  PRIMARY KEY (`dictId`,`value`)
) ENGINE=InnoDB DEFAULT CHARSET=utf8;

-- ----------------------------
-- Records of jeegem_data_dict_item
-- ----------------------------
INSERT INTO `jeegem_data_dict_item` VALUES ('3900a412e51e43ff83a08c732095b2a3', 'bj', '病假', '3');
INSERT INTO `jeegem_data_dict_item` VALUES ('3900a412e51e43ff83a08c732095b2a3', 'gsj', '工伤假', '2');
INSERT INTO `jeegem_data_dict_item` VALUES ('3900a412e51e43ff83a08c732095b2a3', 'hj', '婚假', '6');
INSERT INTO `jeegem_data_dict_item` VALUES ('3900a412e51e43ff83a08c732095b2a3', 'nj', '年假', '1');
INSERT INTO `jeegem_data_dict_item` VALUES ('3900a412e51e43ff83a08c732095b2a3', 'sangj', '丧假', '7');
INSERT INTO `jeegem_data_dict_item` VALUES ('3900a412e51e43ff83a08c732095b2a3', 'shij', '事假', '4');
INSERT INTO `jeegem_data_dict_item` VALUES ('3900a412e51e43ff83a08c732095b2a3', 'syj', '生育假', '5');
INSERT INTO `jeegem_data_dict_item` VALUES ('741cae2856aa43d3bb6cc60c8ed2d8a9', '0', '停用', '2');
INSERT INTO `jeegem_data_dict_item` VALUES ('741cae2856aa43d3bb6cc60c8ed2d8a9', '1', '启用', '1');
INSERT INTO `jeegem_data_dict_item` VALUES ('9f5bf53e0027414c96002f8a1114aaf6', 'gmanager', '总经理', '2');
INSERT INTO `jeegem_data_dict_item` VALUES ('9f5bf53e0027414c96002f8a1114aaf6', 'manager', '经理', '1');
INSERT INTO `jeegem_data_dict_item` VALUES ('9f5bf53e0027414c96002f8a1114aaf6', 'president', '董事长', '3');
INSERT INTO `jeegem_data_dict_item` VALUES ('aac903e055014b68a3f09f8eb9ace6bc', '1', '正常', '1');
INSERT INTO `jeegem_data_dict_item` VALUES ('aac903e055014b68a3f09f8eb9ace6bc', '2', '异常', '2');
INSERT INTO `jeegem_data_dict_item` VALUES ('d6336e1e3ba64dfd885e930eb9d88e32', '0', '无效', '2');
INSERT INTO `jeegem_data_dict_item` VALUES ('d6336e1e3ba64dfd885e930eb9d88e32', '1', '有效', '1');
INSERT INTO `jeegem_data_dict_item` VALUES ('e9e083a918dd407aa5d710cdcd3b46a1', '1', '1', '1');
INSERT INTO `jeegem_data_dict_item` VALUES ('e9e083a918dd407aa5d710cdcd3b46a1', '2', '2', '2');
INSERT INTO `jeegem_data_dict_item` VALUES ('ebf0c2e03e0340048ee53e3e7c3f0805', '0', '退订', '2');
INSERT INTO `jeegem_data_dict_item` VALUES ('ebf0c2e03e0340048ee53e3e7c3f0805', '1', '订阅', '1');

-- ----------------------------
-- Table structure for jeegem_sys_dict
-- ----------------------------
DROP TABLE IF EXISTS `jeegem_sys_dict`;
CREATE TABLE `jeegem_sys_dict` (
  `id` varchar(32) NOT NULL,
  `paramKey` varchar(64) DEFAULT NULL,
  `paramName` varchar(128) DEFAULT NULL,
  `paramValue` varchar(128) DEFAULT NULL,
  `isValid` int(2) DEFAULT NULL,
  `description` varchar(500) DEFAULT NULL,
  `createTime` datetime DEFAULT NULL,
  `updateTime` datetime DEFAULT NULL,
  PRIMARY KEY (`id`)
) ENGINE=InnoDB DEFAULT CHARSET=utf8;

-- ----------------------------
-- Records of jeegem_sys_dict
-- ----------------------------
INSERT INTO `jeegem_sys_dict` VALUES ('66a38d9aba5142cb9f07ce5e73e5cb5e', 'gjcss', '高级测试师', '3', '1', '', '2015-12-13 23:39:26', null);
INSERT INTO `jeegem_sys_dict` VALUES ('a1b4403be93a417897269fcabed19c06', 'kfgcs', '开发工程师', '1', '1', '', '2015-12-13 23:38:15', '2015-12-13 23:38:46');
INSERT INTO `jeegem_sys_dict` VALUES ('d8a7e57a1447450c97d61aa1df65e41a', 'xtfxs', '系统分析师', '2', '1', '', '2015-12-13 23:38:36', '2016-01-30 17:29:59');

-- ----------------------------
-- Table structure for jeegem_task_log
-- ----------------------------
DROP TABLE IF EXISTS `jeegem_task_log`;
CREATE TABLE `jeegem_task_log` (
  `id` varchar(32) NOT NULL,
  `name` varchar(128) DEFAULT NULL,
  `className` varchar(128) DEFAULT NULL,
  `type` int(2) DEFAULT NULL,
  `description` varchar(256) DEFAULT NULL,
  `createTime` datetime DEFAULT NULL,
  PRIMARY KEY (`id`)
) ENGINE=InnoDB DEFAULT CHARSET=utf8;

-- ----------------------------
-- Records of jeegem_task_log
-- ----------------------------

-- ----------------------------
-- Table structure for jeegem_task_schedule
-- ----------------------------
DROP TABLE IF EXISTS `jeegem_task_schedule`;
CREATE TABLE `jeegem_task_schedule` (
  `scheduleJobId` varchar(32) NOT NULL,
  `jobName` varchar(64) DEFAULT NULL,
  `jobGroup` varchar(64) DEFAULT NULL,
  `aliasName` varchar(64) DEFAULT NULL,
  `jobClass` varchar(128) DEFAULT NULL,
  `status` int(2) DEFAULT NULL,
  `cronExpression` varchar(64) DEFAULT NULL,
  `description` varchar(256) DEFAULT NULL,
  `createTime` datetime DEFAULT NULL,
  `updateTime` datetime DEFAULT NULL,
  PRIMARY KEY (`scheduleJobId`)
) ENGINE=InnoDB DEFAULT CHARSET=utf8;

-- ----------------------------
-- Records of jeegem_task_schedule
-- ----------------------------
INSERT INTO `jeegem_task_schedule` VALUES ('10001', 'myTask', 'dataWork', '获取天气', 'com.gem.task.job.WeatherJob', '0', '0 0 0,13,18,21 * * ?', '通过接口获取天气：每天的0点、13点、18点、21点都执行一次', '2015-12-23 13:37:45', '2015-12-30 20:11:49');
INSERT INTO `jeegem_task_schedule` VALUES ('18cd508664204f65b491aca8336e0748', 'syncFollower', 'weixin', null, 'com.gem.task.job.weixn.SyncFollowerJob', '0', '0 0 1 * * ?', '微信：每天凌晨1点执行', '2015-12-30 18:56:33', '2016-01-30 18:05:27');
INSERT INTO `jeegem_task_schedule` VALUES ('2bad38cb73364ac8b63ca47752307133', 'normal', 'test', '测正常任务', 'com.gem.task.job.Test', '0', '/10 * * * * ?', '测试正常任务', '2015-12-24 17:16:22', '2015-12-30 20:10:46');
INSERT INTO `jeegem_task_schedule` VALUES ('a4aa30d39df849648553d9141dc23ace', 'exception', 'test', '测异常任务', 'com.gem.task.job.Test2', '0', '/10 * * * * ?', '测试异常任务', '2015-12-24 22:52:57', '2015-12-30 20:10:39');

-- ----------------------------
-- Table structure for jeegem_tool_email
-- ----------------------------
DROP TABLE IF EXISTS `jeegem_tool_email`;
CREATE TABLE `jeegem_tool_email` (
  `id` varchar(32) NOT NULL,
  `subject` varchar(200) DEFAULT NULL,
  `body` text,
  `toList` text,
  `ccList` text,
  `createTime` datetime DEFAULT NULL,
  PRIMARY KEY (`id`)
) ENGINE=InnoDB DEFAULT CHARSET=utf8;

-- ----------------------------
-- Records of jeegem_tool_email
-- ----------------------------

-- ----------------------------
-- Table structure for oa_leave
-- ----------------------------
DROP TABLE IF EXISTS `oa_leave`;
CREATE TABLE `oa_leave` (
  `id` varchar(32) NOT NULL,
  `org` varchar(64) DEFAULT NULL,
  `name` varchar(32) DEFAULT NULL,
  `approver` varchar(32) DEFAULT NULL,
  `type` varchar(4) DEFAULT NULL,
  `beginTime` datetime DEFAULT NULL,
  `endTime` datetime DEFAULT NULL,
  `description` varchar(256) DEFAULT NULL,
  `rejectReason` varchar(256) DEFAULT NULL,
  `pId` varchar(32) DEFAULT NULL,
  `account_id` varchar(32) DEFAULT NULL,
  `createTime` datetime DEFAULT NULL,
  `updateTime` datetime DEFAULT NULL,
  PRIMARY KEY (`id`)
) ENGINE=InnoDB DEFAULT CHARSET=utf8;

-- ----------------------------
-- Records of oa_leave
-- ----------------------------

-- ----------------------------
-- Table structure for wx_event_click
-- ----------------------------
DROP TABLE IF EXISTS `wx_event_click`;
CREATE TABLE `wx_event_click` (
  `id` varchar(32) NOT NULL,
  `keyId` varchar(32) DEFAULT NULL,
  `title` varchar(64) DEFAULT NULL,
  `content` varchar(128) DEFAULT NULL,
  `picUrl` varchar(1024) DEFAULT NULL,
  `url` varchar(1024) DEFAULT NULL,
  `createTime` datetime DEFAULT NULL,
  `updateTime` datetime DEFAULT NULL,
  `sort` int(10) DEFAULT NULL,
  PRIMARY KEY (`id`)
) ENGINE=InnoDB DEFAULT CHARSET=utf8;

-- ----------------------------
-- Records of wx_event_click
-- ----------------------------

-- ----------------------------
-- Table structure for wx_follower
-- ----------------------------
DROP TABLE IF EXISTS `wx_follower`;
CREATE TABLE `wx_follower` (
  `openid` varchar(32) NOT NULL,
  `subscribe` int(4) DEFAULT NULL,
  `nickname` varchar(32) DEFAULT NULL,
  `sex` int(4) DEFAULT NULL,
  `city` varchar(64) DEFAULT NULL,
  `country` varchar(64) DEFAULT NULL,
  `province` varchar(64) DEFAULT NULL,
  `language` varchar(32) DEFAULT NULL,
  `headimgurl` varchar(512) DEFAULT NULL,
  `subscribeTime` datetime DEFAULT NULL,
  `unionid` varchar(32) DEFAULT NULL,
  `remark` varchar(128) DEFAULT NULL,
  `groupid` varchar(32) DEFAULT '',
  PRIMARY KEY (`openid`)
) ENGINE=InnoDB DEFAULT CHARSET=utf8;

-- ----------------------------
-- Records of wx_follower
-- ----------------------------

-- ----------------------------
-- Table structure for wx_menu
-- ----------------------------
DROP TABLE IF EXISTS `wx_menu`;
CREATE TABLE `wx_menu` (
  `id` varchar(32) NOT NULL,
  `pId` varchar(32) DEFAULT NULL,
  `name` varchar(40) DEFAULT NULL,
  `type` varchar(32) DEFAULT NULL,
  `keyId` varchar(32) DEFAULT NULL,
  `url` varchar(1024) DEFAULT NULL,
  `sort` int(10) DEFAULT NULL,
  `remark` varchar(100) DEFAULT NULL,
  `createTime` datetime DEFAULT NULL,
  `updateTime` datetime DEFAULT NULL,
  `selectType` varchar(32) DEFAULT NULL,
  PRIMARY KEY (`id`)
) ENGINE=InnoDB DEFAULT CHARSET=utf8;

-- ----------------------------
-- Records of wx_menu
-- ----------------------------
